layer,name,type,out_degree,in_degree,degree
0,AudioLoad,syscall,0,13,13
0,AudioPlay,syscall,0,8,8
0,AudioSilentOn,syscall,0,1,1
0,AudioState,syscall,0,6,6
0,AudioStop,syscall,0,13,13
0,AudioType,syscall,0,3,3
0,AudioVol,syscall,0,14,14
0,ColorSet,syscall,0,8,8
0,ControlMask,syscall,0,1,1
0,ControlPulse,syscall,0,17,17
0,CursorChange,syscall,0,3,3
0,CursorMove,syscall,0,11,11
0,CursorShow,syscall,0,1,1
0,Debmess,syscall,0,19,19
0,Dissolve,syscall,0,3,3
0,DissolveWait,syscall,0,12,12
0,ExitMode,syscall,0,3,3
0,GaijiLoad,syscall,0,1,1
0,GraphLoad,syscall,0,26,26
0,GraphRGB,syscall,0,7,7
0,HistoryGet,syscall,0,3,3
0,HistorySet,syscall,0,2,2
0,InputFlash,syscall,0,6,6
0,InputGetCursIn,syscall,0,2,2
0,InputGetCursX,syscall,0,17,17
0,InputGetCursY,syscall,0,18,18
0,InputGetDown,syscall,0,36,36
0,InputGetRepeat,syscall,0,6,6
0,InputGetState,syscall,0,26,26
0,InputGetUp,syscall,0,5,5
0,InputGetWheel,syscall,0,7,7
0,IntToText,syscall,0,14,14
0,Load,syscall,0,9,9
0,MotionAlpha,syscall,0,24,24
0,MotionAlphaStop,syscall,0,8,8
0,MotionAlphaTest,syscall,0,17,17
0,MotionAnim,syscall,0,32,32
0,MotionAnimStop,syscall,0,30,30
0,MotionAnimTest,syscall,0,19,19
0,MotionMove,syscall,0,53,53
0,MotionMoveR,syscall,0,10,10
0,MotionMoveRStop,syscall,0,3,3
0,MotionMoveRTest,syscall,0,10,10
0,MotionMoveS2,syscall,0,23,23
0,MotionMoveS2Stop,syscall,0,1,1
0,MotionMoveS2Test,syscall,0,13,13
0,MotionMoveStop,syscall,0,13,13
0,MotionMoveTest,syscall,0,48,48
0,MotionMoveZ,syscall,0,5,5
0,MotionMoveZStop,syscall,0,9,9
0,MotionMoveZTest,syscall,0,6,6
0,MotionPause,syscall,0,1,1
0,Movie,syscall,0,2,2
0,MovieState,syscall,0,2,2
0,MovieStop,syscall,0,3,3
0,PartsAssign,syscall,0,2,2
0,PartsLoad,syscall,0,3,3
0,PartsMotion,syscall,0,3,3
0,PartsMotionTest,syscall,0,2,2
0,PartsRGB,syscall,0,1,1
0,PartsSelect,syscall,0,2,2
0,PrimExitGroup,syscall,0,2,2
0,PrimGroupIn,syscall,0,34,34
0,PrimGroupOut,syscall,0,13,13
0,PrimHit,syscall,0,17,17
0,PrimSetAlpha,syscall,0,100,100
0,PrimSetBlend,syscall,0,35,35
0,PrimSetDraw,syscall,0,65,65
0,PrimSetNull,syscall,0,26,26
0,PrimSetOP,syscall,0,43,43
0,PrimSetRS,syscall,0,15,15
0,PrimSetRS2,syscall,0,24,24
0,PrimSetSnow,syscall,0,1,1
0,PrimSetSprt,syscall,0,22,22
0,PrimSetText,syscall,0,11,11
0,PrimSetTile,syscall,0,29,29
0,PrimSetUV,syscall,0,23,23
0,PrimSetWH,syscall,0,14,14
0,PrimSetXY,syscall,0,55,55
0,PrimSetZ,syscall,0,21,21
0,Rand,syscall,0,2,2
0,SaveCreate,syscall,0,8,8
0,SaveData,syscall,0,23,23
0,SaveThumbSize,syscall,0,1,1
0,SaveWrite,syscall,0,3,3
0,Snow,syscall,0,1,1
0,SnowStart,syscall,0,1,1
0,SnowStop,syscall,0,1,1
0,SoundLoad,syscall,0,6,6
0,SoundMasterVol,syscall,0,3,3
0,SoundPlay,syscall,0,5,5
0,SoundStop,syscall,0,6,6
0,SoundType,syscall,0,5,5
0,SoundTypeVol,syscall,0,3,3
0,SoundVol,syscall,0,3,3
0,SysProjFolder,syscall,0,1,1
0,TextBuff,syscall,0,11,11
0,TextClear,syscall,0,34,34
0,TextColor,syscall,0,26,26
0,TextFont,syscall,0,13,13
0,TextFontCount,syscall,0,2,2
0,TextFontGet,syscall,0,6,6
0,TextFontName,syscall,0,4,4
0,TextFontSet,syscall,0,3,3
0,TextFormat,syscall,0,6,6
0,TextFunction,syscall,0,6,6
0,TextOutSize,syscall,0,12,12
0,TextPause,syscall,0,1,1
0,TextPrint,syscall,0,25,25
0,TextRepaint,syscall,0,1,1
0,TextShadowDist,syscall,0,11,11
0,TextSize,syscall,0,13,13
0,TextSkip,syscall,0,4,4
0,TextSpace,syscall,0,5,5
0,TextSpeed,syscall,0,13,13
0,TextSuspendChr,syscall,0,4,4
0,TextTest,syscall,0,1,1
0,ThreadExit,syscall,0,26,26
0,ThreadNext,syscall,0,25,25
0,ThreadStart,syscall,0,29,29
0,ThreadWait,syscall,0,1,1
0,TimerGet,syscall,0,6,6
0,TimerSet,syscall,0,11,11
0,TitleMenu,syscall,0,3,3
0,V3DMotion,syscall,0,2,2
0,V3DMotionPause,syscall,0,1,1
0,V3DMotionStop,syscall,0,2,2
0,V3DMotionTest,syscall,0,15,15
0,V3DSet,syscall,0,2,2
0,WindowMode,syscall,0,4,4
0,f_00002004,function,0,0,0
0,f_000172F0,function,0,0,0
0,f_000172F9,function,0,2,2
0,f_00037677,function,0,0,0
0,f_000377E2,function,0,0,0
0,f_000377E7,function,0,0,0
0,f_000377F0,function,0,0,0
0,f_00037E50,function,0,10,10
0,f_0003D1FE,function,0,2,2
0,f_0003D749,function,0,0,0
0,f_0003D842,function,0,1,1
0,f_0003D8A8,function,0,1,1
0,f_0003D8C9,function,0,1,1
0,f_0003D97E,function,0,2,2
0,f_0003DA0F,function,0,0,0
0,f_0003DC33,function,0,0,0
0,f_0003DC38,function,0,1,1
0,f_0003DC3D,function,0,0,0
0,f_0003DC42,function,0,1,1
0,f_0003DF10,function,0,2,2
0,f_0003E034,function,0,1,1
0,f_0003E05B,function,0,1,1
0,f_0003E0D7,function,0,1,1
0,f_0003E10F,function,0,1,1
0,f_00049764,function,0,3,3
0,f_0004B135,function,0,20,20
0,f_0004B1D2,function,0,8,8
0,f_0004B1F4,function,0,10,10
0,f_0004B21B,function,0,9,9
0,f_0004D3D9,function,0,0,0
0,f_0004D713,function,0,2,2
0,f_0005058A,function,0,1,1
0,f_00050638,function,0,0,0
0,f_00050BD0,function,0,1,1
0,f_00050C82,function,0,1,1
0,f_00050D34,function,0,0,0
0,f_000529DB,function,0,2,2
0,f_000529E4,function,0,6,6
0,f_000529ED,function,0,0,0
0,f_000529F6,function,0,1,1
0,f_000529FF,function,0,5,5
0,f_00052B11,function,0,0,0
0,f_000545EE,function,0,1,1
0,f_0005510A,function,0,0,0
0,f_00055113,function,0,11,11
0,f_0005678A,function,0,1,1
0,f_00068A8C,function,0,1,1
0,f_00069F71,function,0,41,41
0,f_0006A419,function,0,2,2
0,f_0006A8DE,function,0,1,1
0,f_0006A92E,function,0,1,1
0,f_0006A99D,function,0,0,0
0,f_000704A2,function,0,1,1
0,f_000704A7,function,0,0,0
0,f_000704AC,function,0,1,1
0,f_000822D5,function,0,1,1
0,f_0008846B,function,0,1,1
0,f_0008847A,function,0,4,4
0,f_00089517,function,0,8,8
0,f_00089A20,function,0,1,1
0,f_0008A390,function,0,2,2
0,f_0008B7F7,function,0,2,2
0,f_0008B86F,function,0,1,1
0,f_0008BBA7,function,0,2,2
0,f_0008C708,function,0,0,0
0,f_0008D409,function,0,37,37
0,f_0008D8CA,function,0,3,3
0,f_0008DDE6,function,0,1,1
0,f_0008E3B5,function,0,1,1
0,f_0008E3EC,function,0,1,1
0,f_0008E414,function,0,1,1
0,f_0008E42D,function,0,1,1
0,f_0008EF6C,function,0,13,13
0,f_0008F415,function,0,8,8
0,f_0008F6D5,function,0,7,7
0,f_0008F8F6,function,0,4,4
0,f_0009105D,function,0,0,0
0,f_00091D33,function,0,1,1
0,f_00091E1F,function,0,1,1
0,f_00091F7E,function,0,6,6
0,f_00091F9F,function,0,14,14
0,f_00092686,function,0,1,1
0,f_00093904,function,0,1,1
0,f_00093AB6,function,0,1,1
0,f_0009417F,function,0,1,1
0,f_0009450C,function,0,2,2
0,f_0009492C,function,0,1,1
0,f_00095D69,function,0,1,1
0,f_0009614E,function,0,1,1
0,f_00096226,function,0,0,0
0,f_00096432,function,0,1,1
0,f_00096BFA,function,0,2,2
0,f_00096D1B,function,0,4,4
0,f_00096D24,function,0,1,1
0,f_00096D2D,function,0,1,1
0,f_000970C1,function,0,1,1
0,f_00097445,function,0,1,1
0,f_000977C6,function,0,10,10
0,f_000980EE,function,0,0,0
1,f_00001FEA,function,2,0,2
1,f_00002025,function,1,1,2
1,f_00037256,function,2,1,3
1,f_00037294,function,2,4,6
1,f_00037421,function,3,42,45
1,f_00037436,function,1,0,1
1,f_0003746A,function,1,0,1
1,f_0003767C,function,1,87,88
1,f_0003769F,function,1,195,196
1,f_000376B4,function,2,52,54
1,f_000377F9,function,1,1,2
1,f_00037804,function,2,1,3
1,f_00037820,function,2,2,4
1,f_0003787F,function,2,1,3
1,f_00037A27,function,1,2,3
1,f_00037A40,function,2,2,4
1,f_00037A60,function,1,2,3
1,f_00037A7C,function,1,2,3
1,f_00037AC8,function,2,0,2
1,f_00037B07,function,2,0,2
1,f_00037B23,function,1,2,3
1,f_00037B31,function,1,0,1
1,f_00037E46,function,1,13,14
1,f_00037F41,function,2,9,11
1,f_00037FD2,function,2,4,6
1,f_0003A79F,function,1,1,2
1,f_0003A813,function,1,3,4
1,f_0003BFDD,function,2,1,3
1,f_0003D87B,function,2,4,6
1,f_0003D8F9,function,1,4,5
1,f_0003DF41,function,3,2,5
1,f_0003F879,function,2,4,6
1,f_000451FD,function,2,4,6
1,f_000452A0,function,2,5,7
1,f_00045C0E,function,2,3,5
1,f_000499DA,function,1,4,5
1,f_00049D4E,function,1,1,2
1,f_0004B1DD,function,1,8,9
1,f_0004D5B7,function,1,3,4
1,f_0004D6A7,function,1,3,4
1,f_0004D706,function,1,0,1
1,f_0004D71D,function,10,1,11
1,f_0004D788,function,2,68,70
1,f_0004D799,function,1,0,1
1,f_0005063D,function,1,2,3
1,f_000510AE,function,4,1,5
1,f_0005128A,function,1,0,1
1,f_000519B0,function,2,9,11
1,f_000520AB,function,1,0,1
1,f_000529CD,function,2,3,5
1,f_00054623,function,1,1,2
1,f_00054712,function,4,35,39
1,f_00054763,function,5,15,20
1,f_000547D2,function,6,35,41
1,f_00054EB1,function,6,42,48
1,f_00055202,function,1,1,2
1,f_0005522A,function,1,15,16
1,f_00055277,function,1,0,1
1,f_000552D8,function,2,2,4
1,f_0005534C,function,2,1,3
1,f_000553AA,function,5,10,15
1,f_00055537,function,4,0,4
1,f_00055591,function,1,0,1
1,f_000555B8,function,3,1,4
1,f_000555ED,function,1,1,2
1,f_0005560A,function,2,0,2
1,f_0005562F,function,1,2,3
1,f_00055646,function,1,1,2
1,f_00058B1C,function,1,1,2
1,f_00058B54,function,1,1,2
1,f_00060795,function,8,6,14
1,f_0006C5D5,function,1,14,15
1,f_0006C643,function,1,2,3
1,f_000704B1,function,1,1,2
1,f_00077A12,function,1,3,4
1,f_00077B0E,function,1,4,5
1,f_00077C0A,function,1,3,4
1,f_00077D06,function,1,4,5
1,f_00077E02,function,1,4,5
1,f_00079436,function,5,5,10
1,f_00088056,function,6,1,7
1,f_000883DB,function,3,1,4
1,f_00088CDC,function,1,3,4
1,f_00089CCC,function,1,1,2
1,f_0008A21D,function,3,1,4
1,f_0008A343,function,1,2,3
1,f_0008A94C,function,5,1,6
1,f_0008AEFD,function,1,1,2
1,f_0008B6A6,function,2,1,3
1,f_0008B72D,function,12,1,13
1,f_0008B7C5,function,5,2,7
1,f_0008B8ED,function,3,3,6
1,f_0008B926,function,4,3,7
1,f_0008B963,function,2,2,4
1,f_0008BA63,function,4,4,8
1,f_0008CC08,function,1,1,2
1,f_0008E326,function,2,1,3
1,f_0008E5FC,function,4,2,6
1,f_0008EEF3,function,1,1,2
1,f_0008F698,function,1,1,2
1,f_0008FACF,function,4,1,5
1,f_0008FB84,function,15,1,16
1,f_000901BC,function,1,1,2
1,f_00090446,function,1,0,1
1,f_00090ABA,function,2,9,11
1,f_00090CB3,function,1,1,2
1,f_00090D44,function,2,3,5
1,f_00091B30,function,3,1,4
1,f_00091BA2,function,1,1,2
1,f_00091C82,function,1,1,2
1,f_00091CB5,function,1,16,17
1,f_00091CF1,function,5,16,21
1,f_00091F2F,function,3,6,9
1,f_00091FD3,function,2,10,12
1,f_000924CF,function,16,1,17
1,f_00092C77,function,1,1,2
1,f_00092FF9,function,2,1,3
1,f_00093C76,function,2,2,4
1,f_00093EDE,function,2,2,4
1,f_00094164,function,1,1,2
1,f_0009436D,function,3,3,6
1,f_0009445C,function,1,5,6
1,f_00094540,function,3,0,3
1,f_000945A1,function,3,2,5
1,f_00094667,function,1,2,3
1,f_000946F9,function,2,4,6
1,f_00094718,function,1,1,2
1,f_00094751,function,8,2,10
1,f_00094AF8,function,2,1,3
1,f_00094EF5,function,1,1,2
1,f_000953F5,function,1,2,3
1,f_00095443,function,2,1,3
1,f_0009548D,function,10,1,11
1,f_000954E7,function,3,4,7
1,f_000955DA,function,1,0,1
1,f_00095769,function,3,1,4
1,f_000957CE,function,2,1,3
1,f_00095AD1,function,2,1,3
1,f_00095B7E,function,1,1,2
1,f_00095E35,function,3,2,5
1,f_0009616B,function,4,1,5
1,f_00096976,function,12,1,13
1,f_00096CDA,function,1,2,3
1,f_00096D0D,function,1,1,2
2,f_000019E0,function,3,34,37
2,f_000172A9,function,1,10,11
2,f_00037496,function,2,3,5
2,f_00037708,function,4,37,41
2,f_000378D9,function,3,1,4
2,f_0003816F,function,2,1,3
2,f_00038DA8,function,2,1,3
2,f_000395B1,function,2,1,3
2,f_0003C0A6,function,2,2,4
2,f_0003CDE2,function,2,1,3
2,f_0003D74E,function,2,1,3
2,f_0003E0A9,function,2,3,5
2,f_0003E15A,function,3,1,4
2,f_0003E2BC,function,5,2,7
2,f_0003E942,function,4,1,5
2,f_0003ED1E,function,4,4,8
2,f_0003F063,function,3,1,4
2,f_0003F36D,function,5,1,6
2,f_00049243,function,2,1,3
2,f_0004994E,function,3,5,8
2,f_00049970,function,2,5,7
2,f_00049C3C,function,2,2,4
2,f_00049C97,function,2,2,4
2,f_0004EED4,function,1,6,7
2,f_0004F0AD,function,6,9,15
2,f_00050121,function,1,2,3
2,f_000505A6,function,3,1,4
2,f_000505FA,function,5,1,6
2,f_000506AD,function,2,2,4
2,f_000506E1,function,2,0,2
2,f_00051FDA,function,4,1,5
2,f_000520EE,function,3,125,128
2,f_000523A8,function,3,34,37
2,f_0005243F,function,3,4,7
2,f_000524BB,function,3,19,22
2,f_0005253B,function,3,3,6
2,f_00052B90,function,5,1,6
2,f_0005423F,function,5,1,6
2,f_000545F7,function,1,2,3
2,f_00054E2E,function,1,3,4
2,f_00055078,function,1,6,7
2,f_000550BF,function,1,11,12
2,f_0005511C,function,7,74,81
2,f_0005525F,function,1,18,19
2,f_0005526B,function,1,1,2
2,f_00055453,function,8,2,10
2,f_00056E8E,function,6,0,6
2,f_00056F5D,function,3,1,4
2,f_00066CB2,function,7,7,14
2,f_0006996D,function,3,1,4
2,f_00069F3A,function,2,1,3
2,f_0006A515,function,4,5,9
2,f_0006A642,function,4,1,5
2,f_0006A76F,function,5,61,66
2,f_0006A924,function,1,2,3
2,f_0006C8CF,function,3,0,3
2,f_0006F7AE,function,4,1,5
2,f_0006F816,function,4,1,5
2,f_0006F87E,function,4,1,5
2,f_0006F8E6,function,4,1,5
2,f_0006F94E,function,4,1,5
2,f_0006F9B6,function,4,1,5
2,f_0006FA1E,function,4,1,5
2,f_0006FA77,function,4,1,5
2,f_0006FAD0,function,4,1,5
2,f_0006FB29,function,4,1,5
2,f_0006FB82,function,4,1,5
2,f_0006FBDB,function,4,1,5
2,f_0007360C,function,2,3,5
2,f_00073943,function,1,1,2
2,f_00073CDC,function,2,1,3
2,f_00073E4C,function,2,1,3
2,f_00074048,function,2,1,3
2,f_00074D35,function,1,1,2
2,f_00074D6D,function,1,1,2
2,f_00076E4C,function,9,1,10
2,f_000773E6,function,3,1,4
2,f_0007926B,function,4,1,5
2,f_0007C5F1,function,4,1,5
2,f_0007C7FE,function,4,1,5
2,f_0007CBA6,function,4,1,5
2,f_0007CDBB,function,4,1,5
2,f_0007CFCE,function,3,1,4
2,f_0007D196,function,3,1,4
2,f_0007D468,function,3,1,4
2,f_0007D5AF,function,3,1,4
2,f_0007D880,function,3,1,4
2,f_0007D9C7,function,3,1,4
2,f_0007DBBC,function,3,1,4
2,f_0007DDE5,function,3,1,4
2,f_0007E00E,function,3,1,4
2,f_0007E151,function,3,1,4
2,f_0007E346,function,3,1,4
2,f_0007E489,function,3,1,4
2,f_0007E64B,function,3,1,4
2,f_0007E92E,function,3,1,4
2,f_0007EBD2,function,3,1,4
2,f_0007EEB6,function,3,1,4
2,f_0007F078,function,3,1,4
2,f_0007F23A,function,4,1,5
2,f_0007F490,function,4,1,5
2,f_0007F6E6,function,4,1,5
2,f_0007F93C,function,4,1,5
2,f_0007FB92,function,4,1,5
2,f_0007FCEC,function,3,1,4
2,f_00080201,function,3,1,4
2,f_00080619,function,3,1,4
2,f_0008075C,function,4,1,5
2,f_00080971,function,4,1,5
2,f_00080B86,function,4,1,5
2,f_00080F33,function,4,1,5
2,f_00081146,function,4,1,5
2,f_000814F1,function,4,1,5
2,f_00081706,function,3,1,4
2,f_0008184D,function,4,1,5
2,f_00081A97,function,4,1,5
2,f_000885AD,function,2,2,4
2,f_0008904B,function,1,1,2
2,f_00089080,function,1,1,2
2,f_000890B5,function,3,1,4
2,f_0008960F,function,4,1,5
2,f_00089791,function,3,1,4
2,f_00089E1F,function,7,3,10
2,f_0008AA37,function,5,1,6
2,f_0008B48C,function,9,1,10
2,f_0008E47D,function,11,1,12
2,f_0008FA1D,function,4,1,5
2,f_0008FB3B,function,2,1,3
2,f_0008FE99,function,3,1,4
2,f_0008FFA9,function,3,1,4
2,f_0009140C,function,3,1,4
2,f_0009143D,function,25,1,26
2,f_0009201D,function,4,1,5
2,f_000920A9,function,2,1,3
2,f_000922E4,function,16,1,17
2,f_0009271F,function,2,1,3
2,f_0009276C,function,3,1,4
2,f_0009418D,function,1,1,2
2,f_00094243,function,3,1,4
2,f_000945C3,function,6,1,7
2,f_000946EF,function,1,4,5
2,f_000947E0,function,2,1,3
2,f_00095419,function,4,1,5
2,f_000955E9,function,2,0,2
2,f_000955F8,function,7,0,7
2,f_00095818,function,2,1,3
2,f_00095B3A,function,1,3,4
2,f_0009622F,function,3,1,4
2,f_00096C5E,function,2,2,4
2,f_0009D45E,function,3,0,3
2,f_0009D4CC,function,3,0,3
3,f_000166E0,function,2,0,2
3,f_00016741,function,2,0,2
3,f_000167A3,function,2,0,2
3,f_0001682C,function,3,0,3
3,f_00016899,function,3,0,3
3,f_00016906,function,3,0,3
3,f_00016973,function,3,0,3
3,f_00016D17,function,2,0,2
3,f_00016D5F,function,2,0,2
3,f_00016DD7,function,2,0,2
3,f_000364EB,function,1,1,2
3,f_00036500,function,1,6,7
3,f_00036514,function,1,5,6
3,f_00036528,function,1,3,4
3,f_0003653C,function,1,4,5
3,f_00036550,function,1,5,6
3,f_00036564,function,1,7,8
3,f_00036578,function,1,6,7
3,f_0003658C,function,1,2,3
3,f_000365A0,function,1,5,6
3,f_000365B4,function,1,5,6
3,f_000365C8,function,1,6,7
3,f_000365DC,function,1,2,3
3,f_000365F0,function,1,5,6
3,f_00036604,function,1,1,2
3,f_00036618,function,1,3,4
3,f_0003662C,function,1,2,3
3,f_00036640,function,1,4,5
3,f_00036654,function,1,8,9
3,f_00036668,function,1,2,3
3,f_0003667C,function,1,6,7
3,f_00036690,function,1,5,6
3,f_000366A4,function,1,3,4
3,f_000366B8,function,1,8,9
3,f_000366CC,function,1,8,9
3,f_000366E0,function,1,7,8
3,f_000366F4,function,1,5,6
3,f_00036708,function,1,1,2
3,f_0003671C,function,1,3,4
3,f_00036730,function,1,4,5
3,f_00036744,function,1,5,6
3,f_00036758,function,1,3,4
3,f_0003676C,function,1,4,5
3,f_00036780,function,1,1,2
3,f_00036794,function,1,2,3
3,f_000367A8,function,1,1,2
3,f_000367BC,function,1,3,4
3,f_000367D0,function,1,3,4
3,f_000367E4,function,1,5,6
3,f_000367F8,function,1,5,6
3,f_0003680C,function,1,6,7
3,f_00036820,function,1,5,6
3,f_00036834,function,1,6,7
3,f_00036848,function,1,5,6
3,f_0003685C,function,1,3,4
3,f_00036870,function,1,6,7
3,f_00036884,function,1,4,5
3,f_00036898,function,1,5,6
3,f_000368AC,function,1,7,8
3,f_000368C0,function,1,5,6
3,f_000368D4,function,1,4,5
3,f_000368E8,function,1,5,6
3,f_000368FC,function,1,5,6
3,f_00036910,function,1,4,5
3,f_00036924,function,1,4,5
3,f_00036938,function,1,6,7
3,f_0003694C,function,1,4,5
3,f_00036960,function,1,3,4
3,f_00036974,function,1,1,2
3,f_00036988,function,1,2,3
3,f_0003699C,function,1,2,3
3,f_000369B0,function,1,4,5
3,f_000369C4,function,1,1,2
3,f_000369D8,function,1,1,2
3,f_000369EC,function,1,1,2
3,f_00036A00,function,1,0,1
3,f_00036A15,function,1,0,1
3,f_00036A2A,function,1,2,3
3,f_00036A3E,function,1,0,1
3,f_00036A53,function,1,0,1
3,f_00037476,function,2,46,48
3,f_00037487,function,2,0,2
3,f_000376A7,function,2,2,4
3,f_00038102,function,4,2,6
3,f_0003A793,function,1,1,2
3,f_0004988F,function,3,1,4
3,f_00049EC9,function,3,6,9
3,f_0004AC7E,function,4,5,9
3,f_0004D392,function,6,0,6
3,f_0004D3E2,function,8,1,9
3,f_0004E811,function,8,1,9
3,f_0004F8B0,function,6,2,8
3,f_0004FA59,function,6,2,8
3,f_0004FBF0,function,5,2,7
3,f_0004FD00,function,5,1,6
3,f_0004FE20,function,5,1,6
3,f_00050B88,function,2,0,2
3,f_00050DE6,function,7,0,7
3,f_000520A1,function,1,2,3
3,f_00052882,function,2,3,5
3,f_000528FF,function,3,2,5
3,f_00052B2F,function,3,17,20
3,f_000541E8,function,3,0,3
3,f_0005673F,function,2,1,3
3,f_00056FB6,function,1,9,10
3,f_00058A64,function,3,4,7
3,f_00060441,function,2,23,25
3,f_00069816,function,6,1,7
3,f_0006C601,function,1,0,1
3,f_0006FC34,function,5,0,5
3,f_000706C6,function,3,2,5
3,f_00073710,function,1,1,2
3,f_00073A38,function,3,1,4
3,f_00074CBB,function,2,1,3
3,f_000771E8,function,7,1,8
3,f_0007BD9E,function,39,1,40
3,f_00088485,function,2,1,3
3,f_00088689,function,4,2,6
3,f_000888F2,function,4,2,6
3,f_00088F40,function,2,1,3
3,f_00088F7D,function,6,1,7
3,f_00089C9B,function,1,3,4
3,f_0008B9B5,function,6,1,7
3,f_0008FB78,function,1,2,3
3,f_00092EED,function,4,7,11
3,f_000941BF,function,5,3,8
3,f_00095267,function,3,4,7
3,f_00095A38,function,2,1,3
3,f_00095A8B,function,1,1,2
3,f_00095D86,function,6,1,7
3,f_000964C7,function,4,1,5
3,f_0009690F,function,1,1,2
3,f_000977B8,function,1,23,24
3,f_00098369,function,2,0,2
3,f_000983A4,function,2,0,2
3,f_000987D5,function,3,0,3
3,f_00098847,function,2,0,2
3,f_000988A9,function,2,0,2
3,f_000988E6,function,2,0,2
3,f_00098923,function,2,0,2
3,f_00098D6E,function,3,0,3
3,f_00098DE4,function,3,0,3
3,f_00098E35,function,2,0,2
3,f_000992BD,function,2,0,2
3,f_0009931F,function,2,0,2
3,f_00099381,function,2,0,2
3,f_0009972D,function,3,0,3
3,f_000997A1,function,2,0,2
3,f_00099803,function,3,0,3
3,f_00099852,function,3,0,3
3,f_0009989D,function,2,0,2
3,f_00099C1B,function,3,0,3
3,f_00099C8B,function,3,0,3
3,f_00099CDA,function,2,0,2
3,f_0009A31D,function,3,0,3
3,f_0009A393,function,3,0,3
3,f_0009A409,function,3,0,3
3,f_0009A4C9,function,2,0,2
3,f_0009A50A,function,2,0,2
3,f_0009A998,function,3,0,3
3,f_0009AA0E,function,3,0,3
3,f_0009AA5B,function,3,0,3
3,f_0009AAD1,function,2,0,2
3,f_0009ABC9,function,3,0,3
3,f_0009B003,function,3,0,3
3,f_0009B077,function,3,0,3
3,f_0009B0EA,function,3,0,3
3,f_0009B15E,function,2,0,2
3,f_0009B4B8,function,3,0,3
3,f_0009B505,function,2,0,2
3,f_0009B567,function,3,0,3
3,f_0009B725,function,2,0,2
3,f_0009B762,function,3,0,3
3,f_0009BE60,function,3,0,3
3,f_0009BED2,function,3,0,3
3,f_0009BF44,function,3,0,3
3,f_0009BF91,function,2,0,2
3,f_0009BFCE,function,3,0,3
3,f_0009C01B,function,2,0,2
3,f_0009CEFD,function,2,0,2
4,f_00037345,function,2,32,34
4,f_000373DC,function,3,0,3
4,f_00037440,function,2,16,18
4,f_0004A9D2,function,5,1,6
4,f_0004CB77,function,13,4,17
4,f_0004CCDA,function,3,33,36
4,f_0005073F,function,1,12,13
4,f_00051202,function,2,1,3
4,f_000512E0,function,4,0,4
4,f_00051928,function,2,1,3
4,f_000525B7,function,3,6,9
4,f_0005261B,function,2,36,38
4,f_0005599D,function,3,10,13
4,f_00055A4B,function,1,0,1
4,f_00058B10,function,1,8,9
4,f_00058B8C,function,16,3448,3464
4,f_0005FE1E,function,1,3,4
4,f_0006A423,function,5,0,5
4,f_0006A9A2,function,7,2,9
4,f_00073FEE,function,4,1,5
4,f_0007B501,function,2,1,3
4,f_000894AF,function,3,1,4
4,f_0008952C,function,5,11,16
4,f_0008B508,function,3,4,7
4,f_00090A09,function,3,2,5
4,f_00090CFE,function,1,1,2
4,f_00091E78,function,3,1,4
4,f_00092122,function,6,1,7
4,f_00092CCE,function,2,1,3
4,f_00092D21,function,2,1,3
4,f_000949D9,function,10,1,11
4,f_00094C58,function,4,1,5
4,f_000953C4,function,4,1,5
5,f_00000004,function,4,11,15
5,f_000000DC,function,4,10,14
5,f_000001B4,function,4,10,14
5,f_0000028C,function,4,10,14
5,f_00000362,function,4,3,7
5,f_0000043A,function,4,7,11
5,f_00000512,function,4,8,12
5,f_000005EA,function,4,6,10
5,f_000006C2,function,4,6,10
5,f_0000079A,function,4,8,12
5,f_00000872,function,4,2,6
5,f_000009D0,function,4,1,5
5,f_00000AB0,function,4,1,5
5,f_00000B86,function,4,0,4
5,f_00000C5E,function,4,0,4
5,f_00000D3A,function,4,0,4
5,f_00000E14,function,4,0,4
5,f_00000F2F,function,4,0,4
5,f_0000104A,function,4,0,4
5,f_00001188,function,4,0,4
5,f_0000128B,function,4,0,4
5,f_0000139E,function,4,1,5
5,f_00001417,function,4,1,5
5,f_00001490,function,4,1,5
5,f_00001509,function,4,1,5
5,f_00001582,function,4,1,5
5,f_000015FB,function,4,3,7
5,f_00001674,function,4,0,4
5,f_0000170F,function,4,1,5
5,f_00001788,function,4,1,5
5,f_00001801,function,4,1,5
5,f_0000187C,function,4,1,5
5,f_00001918,function,4,16,20
5,f_00017302,function,1,0,1
5,f_00017327,function,1,1,2
5,f_0001734C,function,1,0,1
5,f_00017371,function,1,0,1
5,f_00017396,function,1,0,1
5,f_000173BB,function,1,1,2
5,f_000173E0,function,1,0,1
5,f_00017405,function,1,1,2
5,f_0001742A,function,1,0,1
5,f_0001744F,function,1,0,1
5,f_00017474,function,1,0,1
5,f_00017499,function,1,3,4
5,f_000174BE,function,1,0,1
5,f_000174E3,function,1,0,1
5,f_00017508,function,1,0,1
5,f_0001752D,function,1,4,5
5,f_00017552,function,1,0,1
5,f_00017577,function,1,0,1
5,f_0001759C,function,1,0,1
5,f_000175C1,function,1,0,1
5,f_000175E6,function,1,0,1
5,f_0001760B,function,1,0,1
5,f_00017630,function,1,0,1
5,f_00017655,function,1,0,1
5,f_0001767A,function,1,0,1
5,f_0001769F,function,1,0,1
5,f_000176C4,function,1,0,1
5,f_000176E9,function,1,0,1
5,f_0001770E,function,1,0,1
5,f_00017733,function,1,0,1
5,f_00017758,function,1,0,1
5,f_0001777D,function,1,1,2
5,f_000177A2,function,1,0,1
5,f_000177C7,function,1,1,2
5,f_000177EC,function,1,0,1
5,f_00017811,function,1,0,1
5,f_00017836,function,1,0,1
5,f_0001785B,function,1,2,3
5,f_00017880,function,1,0,1
5,f_000178A5,function,1,0,1
5,f_000178CA,function,1,0,1
5,f_000178EF,function,1,2,3
5,f_00017914,function,1,0,1
5,f_00017939,function,1,1,2
5,f_0001795E,function,1,0,1
5,f_00017983,function,1,1,2
5,f_000179A8,function,1,0,1
5,f_000179CD,function,1,4,5
5,f_000179F2,function,1,0,1
5,f_00017A17,function,1,1,2
5,f_00017A3C,function,1,0,1
5,f_00017A61,function,1,2,3
5,f_00017A86,function,1,0,1
5,f_00017AAB,function,1,2,3
5,f_00017AD0,function,1,0,1
5,f_00017AF5,function,1,4,5
5,f_00017B1A,function,1,0,1
5,f_00017B3F,function,1,3,4
5,f_00017B64,function,1,0,1
5,f_00017B89,function,1,1,2
5,f_00017BAE,function,1,0,1
5,f_00017BD3,function,1,3,4
5,f_00017BF8,function,1,0,1
5,f_00017C1D,function,1,2,3
5,f_00017C42,function,1,0,1
5,f_00017C67,function,1,0,1
5,f_00017C8C,function,1,0,1
5,f_00017CB1,function,1,1,2
5,f_00017CD6,function,1,0,1
5,f_00017CFB,function,1,1,2
5,f_00017D20,function,1,0,1
5,f_00017D45,function,1,1,2
5,f_00017D6A,function,1,0,1
5,f_00017D8F,function,1,0,1
5,f_00017DB4,function,1,0,1
5,f_00017DD9,function,1,2,3
5,f_00017DFE,function,1,0,1
5,f_00017E23,function,1,1,2
5,f_00017E48,function,1,0,1
5,f_00017E6D,function,1,1,2
5,f_00017E92,function,1,0,1
5,f_00017EB7,function,1,0,1
5,f_00017EDC,function,1,0,1
5,f_00017F01,function,1,1,2
5,f_00017F26,function,1,0,1
5,f_00017F4B,function,1,0,1
5,f_00017F70,function,1,0,1
5,f_00017F95,function,1,4,5
5,f_00017FBA,function,1,0,1
5,f_00017FDF,function,1,2,3
5,f_00018004,function,1,0,1
5,f_00018029,function,1,1,2
5,f_0001804E,function,1,0,1
5,f_00018073,function,1,0,1
5,f_00018098,function,1,0,1
5,f_000180BD,function,1,1,2
5,f_000180E2,function,1,0,1
5,f_00018107,function,1,0,1
5,f_0001812C,function,1,0,1
5,f_00018151,function,1,1,2
5,f_00018176,function,1,0,1
5,f_0001819B,function,1,0,1
5,f_000181C0,function,1,0,1
5,f_000181E5,function,1,1,2
5,f_0001820A,function,1,0,1
5,f_0001822F,function,1,0,1
5,f_00018254,function,1,0,1
5,f_00018279,function,1,1,2
5,f_0001829E,function,1,0,1
5,f_000182C3,function,1,0,1
5,f_000182E8,function,1,0,1
5,f_0001830D,function,1,0,1
5,f_00018332,function,1,0,1
5,f_00018357,function,1,0,1
5,f_0001837C,function,1,0,1
5,f_000183A1,function,1,0,1
5,f_000183C6,function,1,0,1
5,f_000183EB,function,1,1,2
5,f_00018410,function,1,0,1
5,f_00018435,function,1,0,1
5,f_0001845A,function,1,0,1
5,f_0001847F,function,1,0,1
5,f_000184A4,function,1,0,1
5,f_000184C9,function,1,0,1
5,f_000184EE,function,1,0,1
5,f_00018513,function,1,0,1
5,f_00018538,function,1,0,1
5,f_0001855D,function,1,0,1
5,f_00018582,function,1,0,1
5,f_000185A7,function,1,0,1
5,f_000185CC,function,1,0,1
5,f_000185F1,function,1,0,1
5,f_00018616,function,1,0,1
5,f_0001863B,function,1,0,1
5,f_00018660,function,1,0,1
5,f_00018685,function,1,0,1
5,f_000186AA,function,1,0,1
5,f_000186CF,function,1,0,1
5,f_000186F4,function,1,0,1
5,f_00018719,function,1,1,2
5,f_0001873E,function,1,0,1
5,f_00018763,function,1,0,1
5,f_00018788,function,1,0,1
5,f_000187AD,function,1,1,2
5,f_000187D2,function,1,0,1
5,f_000187F7,function,1,1,2
5,f_0001881C,function,1,0,1
5,f_00018841,function,1,0,1
5,f_00018866,function,1,0,1
5,f_0001888B,function,1,1,2
5,f_000188B0,function,1,0,1
5,f_000188D5,function,1,0,1
5,f_000188FA,function,1,0,1
5,f_0001891F,function,1,0,1
5,f_00018944,function,1,0,1
5,f_00018969,function,1,0,1
5,f_0001898E,function,1,0,1
5,f_000189B3,function,1,0,1
5,f_000189D8,function,1,0,1
5,f_000189FD,function,1,0,1
5,f_00018A22,function,1,0,1
5,f_00018A47,function,1,1,2
5,f_00018A6C,function,1,0,1
5,f_00018A91,function,1,0,1
5,f_00018AB6,function,1,0,1
5,f_00018ADB,function,1,0,1
5,f_00018B00,function,1,0,1
5,f_00018B25,function,1,0,1
5,f_00018B4A,function,1,0,1
5,f_00018B6F,function,1,0,1
5,f_00018B94,function,1,0,1
5,f_00018BB9,function,1,0,1
5,f_00018BDE,function,1,0,1
5,f_00018C03,function,1,0,1
5,f_00018C28,function,1,0,1
5,f_00018C4D,function,1,0,1
5,f_00018C72,function,1,0,1
5,f_00018C97,function,1,0,1
5,f_00018CBC,function,1,0,1
5,f_00018CE1,function,1,0,1
5,f_00018D06,function,1,0,1
5,f_00018D2B,function,1,0,1
5,f_00018D50,function,1,0,1
5,f_00018D75,function,1,0,1
5,f_00018D9A,function,1,0,1
5,f_00018DBF,function,1,3,4
5,f_00018DE4,function,1,0,1
5,f_00018E09,function,1,3,4
5,f_00018E2E,function,1,0,1
5,f_00018E53,function,1,2,3
5,f_00018E78,function,1,0,1
5,f_00018E9D,function,1,3,4
5,f_00018EC2,function,1,0,1
5,f_00018EE7,function,1,1,2
5,f_00018F0C,function,1,0,1
5,f_00018F31,function,1,3,4
5,f_00018F56,function,1,0,1
5,f_00018F7B,function,1,0,1
5,f_00018FA0,function,1,0,1
5,f_00018FC5,function,1,2,3
5,f_00018FEA,function,1,0,1
5,f_0001900F,function,1,0,1
5,f_00019034,function,1,0,1
5,f_00019059,function,1,0,1
5,f_0001907E,function,1,0,1
5,f_000190A3,function,1,0,1
5,f_000190C8,function,1,0,1
5,f_000190ED,function,1,1,2
5,f_00019112,function,1,0,1
5,f_00019137,function,1,1,2
5,f_0001915C,function,1,0,1
5,f_00019181,function,1,0,1
5,f_000191A6,function,1,0,1
5,f_000191CB,function,1,0,1
5,f_000191F0,function,1,0,1
5,f_00019215,function,1,2,3
5,f_0001923A,function,1,0,1
5,f_0001925F,function,1,1,2
5,f_00019284,function,1,0,1
5,f_000192A9,function,1,0,1
5,f_000192CE,function,1,0,1
5,f_000192F3,function,1,0,1
5,f_00019318,function,1,0,1
5,f_0001933D,function,1,0,1
5,f_00019362,function,1,0,1
5,f_00019387,function,1,1,2
5,f_000193AC,function,1,0,1
5,f_000193D1,function,1,0,1
5,f_000193F6,function,1,0,1
5,f_0001941B,function,1,1,2
5,f_00019440,function,1,0,1
5,f_00019465,function,1,0,1
5,f_0001948A,function,1,0,1
5,f_000194AF,function,1,0,1
5,f_000194D4,function,1,0,1
5,f_000194F9,function,1,0,1
5,f_0001951E,function,1,0,1
5,f_00019543,function,1,0,1
5,f_00019568,function,1,0,1
5,f_0001958D,function,1,0,1
5,f_000195B2,function,1,0,1
5,f_000195D7,function,1,0,1
5,f_000195FC,function,1,0,1
5,f_00019621,function,1,0,1
5,f_00019646,function,1,0,1
5,f_0001966B,function,1,0,1
5,f_00019690,function,1,0,1
5,f_000196B5,function,1,0,1
5,f_000196DA,function,1,0,1
5,f_000196FF,function,1,0,1
5,f_00019724,function,1,0,1
5,f_00019749,function,1,0,1
5,f_0001976E,function,1,0,1
5,f_00019793,function,1,0,1
5,f_000197B8,function,1,0,1
5,f_000197DD,function,1,0,1
5,f_00019802,function,1,0,1
5,f_00019827,function,1,0,1
5,f_0001984C,function,1,0,1
5,f_00019871,function,1,0,1
5,f_00019896,function,1,0,1
5,f_000198BB,function,1,0,1
5,f_000198E0,function,1,0,1
5,f_00019905,function,1,0,1
5,f_0001992A,function,1,0,1
5,f_0001994F,function,1,0,1
5,f_00019974,function,1,0,1
5,f_00019999,function,1,0,1
5,f_000199BE,function,1,0,1
5,f_000199E3,function,1,0,1
5,f_00019A08,function,1,0,1
5,f_00019A2D,function,1,0,1
5,f_00019A52,function,1,0,1
5,f_00019A77,function,1,0,1
5,f_00019A9C,function,1,0,1
5,f_00019AC1,function,1,0,1
5,f_00019AE6,function,1,0,1
5,f_00019B0B,function,1,1,2
5,f_00019B30,function,1,0,1
5,f_00019B55,function,1,0,1
5,f_00019B7A,function,1,0,1
5,f_00019B9F,function,1,0,1
5,f_00019BC4,function,1,0,1
5,f_00019BE9,function,1,1,2
5,f_00019C0E,function,1,0,1
5,f_00019C33,function,1,1,2
5,f_00019C58,function,1,0,1
5,f_00019C7D,function,1,1,2
5,f_00019CA2,function,1,0,1
5,f_00019CC7,function,1,0,1
5,f_00019CEC,function,1,0,1
5,f_00019D11,function,1,1,2
5,f_00019D36,function,1,0,1
5,f_00019D5B,function,1,0,1
5,f_00019D80,function,1,0,1
5,f_00019DA5,function,1,0,1
5,f_00019DCA,function,1,0,1
5,f_00019DEF,function,1,0,1
5,f_00019E14,function,1,0,1
5,f_00019E39,function,1,1,2
5,f_00019E5E,function,1,0,1
5,f_00019E83,function,1,0,1
5,f_00019EA8,function,1,0,1
5,f_00019ECD,function,1,0,1
5,f_00019EF2,function,1,0,1
5,f_00019F17,function,1,0,1
5,f_00019F3C,function,1,0,1
5,f_00019F61,function,1,0,1
5,f_00019F86,function,1,0,1
5,f_00019FAB,function,1,0,1
5,f_00019FD0,function,1,0,1
5,f_00019FF5,function,1,0,1
5,f_0001A01A,function,1,0,1
5,f_0001A03F,function,1,0,1
5,f_0001A064,function,1,0,1
5,f_0001A089,function,1,0,1
5,f_0001A0AE,function,1,0,1
5,f_0001A0D3,function,1,1,2
5,f_0001A0F8,function,1,0,1
5,f_0001A11D,function,1,0,1
5,f_0001A142,function,1,0,1
5,f_0001A167,function,1,0,1
5,f_0001A18C,function,1,0,1
5,f_0001A1B1,function,1,2,3
5,f_0001A1D6,function,1,0,1
5,f_0001A1FB,function,1,0,1
5,f_0001A220,function,1,0,1
5,f_0001A245,function,1,2,3
5,f_0001A26A,function,1,0,1
5,f_0001A28F,function,1,2,3
5,f_0001A2B4,function,1,0,1
5,f_0001A2D9,function,1,1,2
5,f_0001A2FE,function,1,0,1
5,f_0001A323,function,1,1,2
5,f_0001A348,function,1,0,1
5,f_0001A36D,function,1,0,1
5,f_0001A392,function,1,0,1
5,f_0001A3B7,function,1,1,2
5,f_0001A3DC,function,1,0,1
5,f_0001A401,function,1,1,2
5,f_0001A426,function,1,0,1
5,f_0001A44B,function,1,1,2
5,f_0001A470,function,1,0,1
5,f_0001A495,function,1,0,1
5,f_0001A4BA,function,1,0,1
5,f_0001A4DF,function,1,1,2
5,f_0001A504,function,1,0,1
5,f_0001A529,function,1,0,1
5,f_0001A54E,function,1,0,1
5,f_0001A573,function,1,0,1
5,f_0001A598,function,1,0,1
5,f_0001A5BD,function,1,0,1
5,f_0001A5E2,function,1,0,1
5,f_0001A607,function,1,0,1
5,f_0001A62C,function,1,0,1
5,f_0001A651,function,1,0,1
5,f_0001A676,function,1,0,1
5,f_0001A69B,function,1,1,2
5,f_0001A6C0,function,1,0,1
5,f_0001A6E5,function,1,0,1
5,f_0001A70A,function,1,0,1
5,f_0001A72F,function,1,0,1
5,f_0001A754,function,1,0,1
5,f_0001A779,function,1,0,1
5,f_0001A79E,function,1,0,1
5,f_0001A7C3,function,1,4,5
5,f_0001A7E8,function,1,0,1
5,f_0001A80D,function,1,1,2
5,f_0001A832,function,1,0,1
5,f_0001A857,function,1,4,5
5,f_0001A87C,function,1,0,1
5,f_0001A8A1,function,1,4,5
5,f_0001A8C6,function,1,0,1
5,f_0001A8EB,function,1,3,4
5,f_0001A910,function,1,0,1
5,f_0001A935,function,1,4,5
5,f_0001A95A,function,1,0,1
5,f_0001A97F,function,1,0,1
5,f_0001A9A4,function,1,0,1
5,f_0001A9C9,function,1,3,4
5,f_0001A9EE,function,1,0,1
5,f_0001AA13,function,1,1,2
5,f_0001AA38,function,1,0,1
5,f_0001AA5D,function,1,0,1
5,f_0001AA82,function,1,0,1
5,f_0001AAA7,function,1,1,2
5,f_0001AACC,function,1,0,1
5,f_0001AAF1,function,1,1,2
5,f_0001AB16,function,1,0,1
5,f_0001AB3B,function,1,0,1
5,f_0001AB60,function,1,0,1
5,f_0001AB85,function,1,2,3
5,f_0001ABAA,function,1,0,1
5,f_0001ABCF,function,1,1,2
5,f_0001ABF4,function,1,0,1
5,f_0001AC19,function,1,2,3
5,f_0001AC3E,function,1,0,1
5,f_0001AC63,function,1,0,1
5,f_0001AC88,function,1,0,1
5,f_0001ACAD,function,1,0,1
5,f_0001ACD2,function,1,0,1
5,f_0001ACF7,function,1,0,1
5,f_0001AD1C,function,1,0,1
5,f_0001AD41,function,1,1,2
5,f_0001AD66,function,1,0,1
5,f_0001AD8B,function,1,0,1
5,f_0001ADB0,function,1,0,1
5,f_0001ADD5,function,1,1,2
5,f_0001ADFA,function,1,0,1
5,f_0001AE1F,function,1,0,1
5,f_0001AE44,function,1,0,1
5,f_0001AE69,function,1,1,2
5,f_0001AE8E,function,1,0,1
5,f_0001AEB3,function,1,1,2
5,f_0001AED8,function,1,0,1
5,f_0001AEFD,function,1,1,2
5,f_0001AF22,function,1,0,1
5,f_0001AF47,function,1,1,2
5,f_0001AF6C,function,1,0,1
5,f_0001AF91,function,1,0,1
5,f_0001AFB6,function,1,0,1
5,f_0001AFDB,function,1,1,2
5,f_0001B000,function,1,0,1
5,f_0001B025,function,1,1,2
5,f_0001B04A,function,1,0,1
5,f_0001B06F,function,1,0,1
5,f_0001B094,function,1,0,1
5,f_0001B0B9,function,1,0,1
5,f_0001B0DE,function,1,0,1
5,f_0001B103,function,1,0,1
5,f_0001B128,function,1,0,1
5,f_0001B14D,function,1,0,1
5,f_0001B172,function,1,0,1
5,f_0001B197,function,1,0,1
5,f_0001B1BC,function,1,0,1
5,f_0001B1E1,function,1,0,1
5,f_0001B206,function,1,0,1
5,f_0001B22B,function,1,0,1
5,f_0001B250,function,1,0,1
5,f_0001B275,function,1,0,1
5,f_0001B29A,function,1,0,1
5,f_0001B2BF,function,1,0,1
5,f_0001B2E4,function,1,0,1
5,f_0001B309,function,1,0,1
5,f_0001B32E,function,1,0,1
5,f_0001B353,function,1,0,1
5,f_0001B378,function,1,0,1
5,f_0001B39D,function,1,0,1
5,f_0001B3C2,function,1,0,1
5,f_0001B3E7,function,1,1,2
5,f_0001B40C,function,1,0,1
5,f_0001B431,function,1,1,2
5,f_0001B456,function,1,0,1
5,f_0001B47B,function,1,0,1
5,f_0001B4A0,function,1,0,1
5,f_0001B4C5,function,1,1,2
5,f_0001B4EA,function,1,0,1
5,f_0001B50F,function,1,1,2
5,f_0001B534,function,1,0,1
5,f_0001B559,function,1,0,1
5,f_0001B57E,function,1,0,1
5,f_0001B5A3,function,1,0,1
5,f_0001B5C8,function,1,0,1
5,f_0001B5ED,function,1,0,1
5,f_0001B612,function,1,0,1
5,f_0001B637,function,1,0,1
5,f_0001B65C,function,1,0,1
5,f_0001B681,function,1,0,1
5,f_0001B6A6,function,1,0,1
5,f_0001B6CB,function,1,0,1
5,f_0001B6F0,function,1,0,1
5,f_0001B715,function,1,0,1
5,f_0001B73A,function,1,0,1
5,f_0001B75F,function,1,0,1
5,f_0001B784,function,1,0,1
5,f_0001B7A9,function,1,0,1
5,f_0001B7CE,function,1,0,1
5,f_0001B7F3,function,1,0,1
5,f_0001B818,function,1,0,1
5,f_0001B83D,function,1,0,1
5,f_0001B862,function,1,0,1
5,f_0001B887,function,1,0,1
5,f_0001B8AC,function,1,0,1
5,f_0001B8D1,function,1,0,1
5,f_0001B8F6,function,1,0,1
5,f_0001B91B,function,1,0,1
5,f_0001B940,function,1,0,1
5,f_0001B965,function,1,0,1
5,f_0001B98A,function,1,0,1
5,f_0001B9AF,function,1,0,1
5,f_0001B9D4,function,1,0,1
5,f_0001B9F9,function,1,3,4
5,f_0001BA1E,function,1,0,1
5,f_0001BA43,function,1,0,1
5,f_0001BA68,function,1,0,1
5,f_0001BA8D,function,1,3,4
5,f_0001BAB2,function,1,0,1
5,f_0001BAD7,function,1,4,5
5,f_0001BAFC,function,1,0,1
5,f_0001BB21,function,1,2,3
5,f_0001BB46,function,1,0,1
5,f_0001BB6B,function,1,2,3
5,f_0001BB90,function,1,0,1
5,f_0001BBB5,function,1,0,1
5,f_0001BBDA,function,1,0,1
5,f_0001BBFF,function,1,3,4
5,f_0001BC24,function,1,0,1
5,f_0001BC49,function,1,2,3
5,f_0001BC6E,function,1,0,1
5,f_0001BC93,function,1,0,1
5,f_0001BCB8,function,1,0,1
5,f_0001BCDD,function,1,1,2
5,f_0001BD02,function,1,0,1
5,f_0001BD27,function,1,0,1
5,f_0001BD4C,function,1,0,1
5,f_0001BD71,function,1,0,1
5,f_0001BD96,function,1,0,1
5,f_0001BDBB,function,1,1,2
5,f_0001BDE0,function,1,0,1
5,f_0001BE05,function,1,0,1
5,f_0001BE2A,function,1,0,1
5,f_0001BE4F,function,1,1,2
5,f_0001BE74,function,1,0,1
5,f_0001BE99,function,1,0,1
5,f_0001BEBE,function,1,0,1
5,f_0001BEE3,function,1,0,1
5,f_0001BF08,function,1,0,1
5,f_0001BF2D,function,1,0,1
5,f_0001BF52,function,1,0,1
5,f_0001BF77,function,1,0,1
5,f_0001BF9C,function,1,0,1
5,f_0001BFC1,function,1,0,1
5,f_0001BFE6,function,1,0,1
5,f_0001C00B,function,1,0,1
5,f_0001C030,function,1,0,1
5,f_0001C055,function,1,0,1
5,f_0001C07A,function,1,0,1
5,f_0001C09F,function,1,0,1
5,f_0001C0C4,function,1,0,1
5,f_0001C0E9,function,1,0,1
5,f_0001C10E,function,1,0,1
5,f_0001C133,function,1,0,1
5,f_0001C158,function,1,0,1
5,f_0001C17D,function,1,0,1
5,f_0001C1A2,function,1,0,1
5,f_0001C1C7,function,1,0,1
5,f_0001C1EC,function,1,0,1
5,f_0001C211,function,1,0,1
5,f_0001C236,function,1,0,1
5,f_0001C25B,function,1,0,1
5,f_0001C280,function,1,0,1
5,f_0001C2A5,function,1,0,1
5,f_0001C2CA,function,1,0,1
5,f_0001C2EF,function,1,0,1
5,f_0001C314,function,1,0,1
5,f_0001C339,function,1,0,1
5,f_0001C35E,function,1,0,1
5,f_0001C383,function,1,0,1
5,f_0001C3A8,function,1,0,1
5,f_0001C3CD,function,1,0,1
5,f_0001C3F2,function,1,0,1
5,f_0001C417,function,1,0,1
5,f_0001C43C,function,1,0,1
5,f_0001C461,function,1,0,1
5,f_0001C486,function,1,0,1
5,f_0001C4AB,function,1,0,1
5,f_0001C4D0,function,1,0,1
5,f_0001C4F5,function,1,0,1
5,f_0001C51A,function,1,0,1
5,f_0001C53F,function,1,0,1
5,f_0001C564,function,1,0,1
5,f_0001C589,function,1,0,1
5,f_0001C5AE,function,1,0,1
5,f_0001C5D3,function,1,0,1
5,f_0001C5F8,function,1,0,1
5,f_0001C61D,function,1,1,2
5,f_0001C642,function,1,0,1
5,f_0001C667,function,1,0,1
5,f_0001C68C,function,1,0,1
5,f_0001C6B1,function,1,1,2
5,f_0001C6D6,function,1,0,1
5,f_0001C6FB,function,1,1,2
5,f_0001C720,function,1,0,1
5,f_0001C745,function,1,0,1
5,f_0001C76A,function,1,0,1
5,f_0001C78F,function,1,0,1
5,f_0001C7B4,function,1,0,1
5,f_0001C7D9,function,1,0,1
5,f_0001C7FE,function,1,0,1
5,f_0001C823,function,1,0,1
5,f_0001C848,function,1,0,1
5,f_0001C86D,function,1,0,1
5,f_0001C892,function,1,0,1
5,f_0001C8B7,function,1,0,1
5,f_0001C8DC,function,1,0,1
5,f_0001C901,function,1,0,1
5,f_0001C926,function,1,0,1
5,f_0001C94B,function,1,0,1
5,f_0001C970,function,1,0,1
5,f_0001C995,function,1,0,1
5,f_0001C9BA,function,1,0,1
5,f_0001C9DF,function,1,0,1
5,f_0001CA04,function,1,0,1
5,f_0001CA29,function,1,0,1
5,f_0001CA4E,function,1,0,1
5,f_0001CA73,function,1,0,1
5,f_0001CA98,function,1,0,1
5,f_0001CABD,function,1,0,1
5,f_0001CAE2,function,1,0,1
5,f_0001CB07,function,1,0,1
5,f_0001CB2C,function,1,0,1
5,f_0001CB51,function,1,0,1
5,f_0001CB76,function,1,0,1
5,f_0001CB9B,function,1,0,1
5,f_0001CBC0,function,1,0,1
5,f_0001CBE5,function,1,0,1
5,f_0001CC0A,function,1,0,1
5,f_0001CC2F,function,1,4,5
5,f_0001CC54,function,1,0,1
5,f_0001CC79,function,1,0,1
5,f_0001CC9E,function,1,0,1
5,f_0001CCC3,function,1,0,1
5,f_0001CCE8,function,1,0,1
5,f_0001CD0D,function,1,2,3
5,f_0001CD32,function,1,0,1
5,f_0001CD57,function,1,4,5
5,f_0001CD7C,function,1,0,1
5,f_0001CDA1,function,1,4,5
5,f_0001CDC6,function,1,0,1
5,f_0001CDEB,function,1,0,1
5,f_0001CE10,function,1,0,1
5,f_0001CE35,function,1,2,3
5,f_0001CE5A,function,1,0,1
5,f_0001CE7F,function,1,0,1
5,f_0001CEA4,function,1,0,1
5,f_0001CEC9,function,1,1,2
5,f_0001CEEE,function,1,0,1
5,f_0001CF13,function,1,0,1
5,f_0001CF38,function,1,0,1
5,f_0001CF5D,function,1,1,2
5,f_0001CF82,function,1,0,1
5,f_0001CFA7,function,1,2,3
5,f_0001CFCC,function,1,0,1
5,f_0001CFF1,function,1,4,5
5,f_0001D016,function,1,0,1
5,f_0001D03B,function,1,1,2
5,f_0001D060,function,1,0,1
5,f_0001D085,function,1,3,4
5,f_0001D0AA,function,1,0,1
5,f_0001D0CF,function,1,2,3
5,f_0001D0F4,function,1,0,1
5,f_0001D119,function,1,6,7
5,f_0001D13E,function,1,0,1
5,f_0001D163,function,1,4,5
5,f_0001D188,function,1,0,1
5,f_0001D1AD,function,1,0,1
5,f_0001D1D2,function,1,0,1
5,f_0001D1F7,function,1,4,5
5,f_0001D21C,function,1,0,1
5,f_0001D241,function,1,3,4
5,f_0001D266,function,1,0,1
5,f_0001D28B,function,1,2,3
5,f_0001D2B0,function,1,0,1
5,f_0001D2D5,function,1,1,2
5,f_0001D2FA,function,1,0,1
5,f_0001D31F,function,1,1,2
5,f_0001D344,function,1,0,1
5,f_0001D369,function,1,3,4
5,f_0001D38E,function,1,0,1
5,f_0001D3B3,function,1,1,2
5,f_0001D3D8,function,1,0,1
5,f_0001D3FD,function,1,0,1
5,f_0001D422,function,1,0,1
5,f_0001D447,function,1,1,2
5,f_0001D46C,function,1,0,1
5,f_0001D491,function,1,1,2
5,f_0001D4B6,function,1,0,1
5,f_0001D4DB,function,1,1,2
5,f_0001D500,function,1,0,1
5,f_0001D525,function,1,1,2
5,f_0001D54A,function,1,0,1
5,f_0001D56F,function,1,0,1
5,f_0001D594,function,1,0,1
5,f_0001D5B9,function,1,1,2
5,f_0001D5DE,function,1,0,1
5,f_0001D603,function,1,0,1
5,f_0001D628,function,1,0,1
5,f_0001D64D,function,1,1,2
5,f_0001D672,function,1,0,1
5,f_0001D697,function,1,0,1
5,f_0001D6BC,function,1,0,1
5,f_0001D6E1,function,1,1,2
5,f_0001D706,function,1,0,1
5,f_0001D72B,function,1,0,1
5,f_0001D750,function,1,0,1
5,f_0001D775,function,1,1,2
5,f_0001D79A,function,1,0,1
5,f_0001D7BF,function,1,0,1
5,f_0001D7E4,function,1,0,1
5,f_0001D809,function,1,1,2
5,f_0001D82E,function,1,0,1
5,f_0001D853,function,1,1,2
5,f_0001D878,function,1,0,1
5,f_0001D89D,function,1,1,2
5,f_0001D8C2,function,1,0,1
5,f_0001D8E7,function,1,1,2
5,f_0001D90C,function,1,0,1
5,f_0001D931,function,1,0,1
5,f_0001D956,function,1,0,1
5,f_0001D97B,function,1,0,1
5,f_0001D9A0,function,1,0,1
5,f_0001D9C5,function,1,0,1
5,f_0001D9EA,function,1,0,1
5,f_0001DA0F,function,1,1,2
5,f_0001DA34,function,1,0,1
5,f_0001DA59,function,1,0,1
5,f_0001DA7E,function,1,0,1
5,f_0001DAA3,function,1,1,2
5,f_0001DAC8,function,1,0,1
5,f_0001DAED,function,1,0,1
5,f_0001DB12,function,1,0,1
5,f_0001DB37,function,1,4,5
5,f_0001DB5C,function,1,0,1
5,f_0001DB81,function,1,0,1
5,f_0001DBA6,function,1,0,1
5,f_0001DBCB,function,1,4,5
5,f_0001DBF0,function,1,0,1
5,f_0001DC15,function,1,4,5
5,f_0001DC3A,function,1,0,1
5,f_0001DC5F,function,1,5,6
5,f_0001DC84,function,1,0,1
5,f_0001DCA9,function,1,4,5
5,f_0001DCCE,function,1,0,1
5,f_0001DCF3,function,1,0,1
5,f_0001DD18,function,1,0,1
5,f_0001DD3D,function,1,3,4
5,f_0001DD62,function,1,0,1
5,f_0001DD87,function,1,0,1
5,f_0001DDAC,function,1,0,1
5,f_0001DDD1,function,1,4,5
5,f_0001DDF6,function,1,0,1
5,f_0001DE1B,function,1,0,1
5,f_0001DE40,function,1,0,1
5,f_0001DE65,function,1,3,4
5,f_0001DE8A,function,1,0,1
5,f_0001DEAF,function,1,2,3
5,f_0001DED4,function,1,0,1
5,f_0001DEF9,function,1,0,1
5,f_0001DF1E,function,1,0,1
5,f_0001DF43,function,1,0,1
5,f_0001DF68,function,1,0,1
5,f_0001DF8D,function,1,0,1
5,f_0001DFB2,function,1,0,1
5,f_0001DFD7,function,1,0,1
5,f_0001DFFC,function,1,0,1
5,f_0001E021,function,1,0,1
5,f_0001E046,function,1,0,1
5,f_0001E06B,function,1,0,1
5,f_0001E090,function,1,0,1
5,f_0001E0B5,function,1,0,1
5,f_0001E0DA,function,1,0,1
5,f_0001E0FF,function,1,0,1
5,f_0001E124,function,1,0,1
5,f_0001E149,function,1,0,1
5,f_0001E16E,function,1,0,1
5,f_0001E193,function,1,0,1
5,f_0001E1B8,function,1,0,1
5,f_0001E1DD,function,1,0,1
5,f_0001E202,function,1,0,1
5,f_0001E227,function,1,0,1
5,f_0001E24C,function,1,0,1
5,f_0001E271,function,1,0,1
5,f_0001E296,function,1,0,1
5,f_0001E2BB,function,1,1,2
5,f_0001E2E0,function,1,0,1
5,f_0001E305,function,1,0,1
5,f_0001E32A,function,1,0,1
5,f_0001E34F,function,1,0,1
5,f_0001E374,function,1,0,1
5,f_0001E399,function,1,1,2
5,f_0001E3BE,function,1,0,1
5,f_0001E3E3,function,1,1,2
5,f_0001E408,function,1,0,1
5,f_0001E42D,function,1,1,2
5,f_0001E452,function,1,0,1
5,f_0001E477,function,1,0,1
5,f_0001E49C,function,1,0,1
5,f_0001E4C1,function,1,0,1
5,f_0001E4E6,function,1,0,1
5,f_0001E50B,function,1,0,1
5,f_0001E530,function,1,0,1
5,f_0001E555,function,1,1,2
5,f_0001E57A,function,1,0,1
5,f_0001E59F,function,1,0,1
5,f_0001E5C4,function,1,0,1
5,f_0001E5E9,function,1,0,1
5,f_0001E60E,function,1,0,1
5,f_0001E633,function,1,0,1
5,f_0001E658,function,1,0,1
5,f_0001E67D,function,1,5,6
5,f_0001E6A2,function,1,0,1
5,f_0001E6C7,function,1,3,4
5,f_0001E6EC,function,1,0,1
5,f_0001E711,function,1,4,5
5,f_0001E736,function,1,0,1
5,f_0001E75B,function,1,5,6
5,f_0001E780,function,1,0,1
5,f_0001E7A5,function,1,5,6
5,f_0001E7CA,function,1,0,1
5,f_0001E7EF,function,1,4,5
5,f_0001E814,function,1,0,1
5,f_0001E839,function,1,3,4
5,f_0001E85E,function,1,0,1
5,f_0001E883,function,1,6,7
5,f_0001E8A8,function,1,0,1
5,f_0001E8CD,function,1,4,5
5,f_0001E8F2,function,1,0,1
5,f_0001E917,function,1,2,3
5,f_0001E93C,function,1,0,1
5,f_0001E961,function,1,3,4
5,f_0001E986,function,1,0,1
5,f_0001E9AB,function,1,5,6
5,f_0001E9D0,function,1,0,1
5,f_0001E9F5,function,1,0,1
5,f_0001EA1A,function,1,0,1
5,f_0001EA3F,function,1,2,3
5,f_0001EA64,function,1,0,1
5,f_0001EA89,function,1,5,6
5,f_0001EAAE,function,1,0,1
5,f_0001EAD3,function,1,1,2
5,f_0001EAF8,function,1,0,1
5,f_0001EB1D,function,1,1,2
5,f_0001EB42,function,1,0,1
5,f_0001EB67,function,1,0,1
5,f_0001EB8C,function,1,0,1
5,f_0001EBB1,function,1,1,2
5,f_0001EBD6,function,1,0,1
5,f_0001EBFB,function,1,2,3
5,f_0001EC20,function,1,0,1
5,f_0001EC45,function,1,1,2
5,f_0001EC6A,function,1,0,1
5,f_0001EC8F,function,1,2,3
5,f_0001ECB4,function,1,0,1
5,f_0001ECD9,function,1,3,4
5,f_0001ECFE,function,1,0,1
5,f_0001ED23,function,1,2,3
5,f_0001ED48,function,1,0,1
5,f_0001ED6D,function,1,2,3
5,f_0001ED92,function,1,0,1
5,f_0001EDB7,function,1,2,3
5,f_0001EDDC,function,1,0,1
5,f_0001EE01,function,1,1,2
5,f_0001EE26,function,1,0,1
5,f_0001EE4B,function,1,0,1
5,f_0001EE70,function,1,0,1
5,f_0001EE95,function,1,2,3
5,f_0001EEBA,function,1,0,1
5,f_0001EEDF,function,1,0,1
5,f_0001EF04,function,1,0,1
5,f_0001EF29,function,1,1,2
5,f_0001EF4E,function,1,0,1
5,f_0001EF73,function,1,0,1
5,f_0001EF98,function,1,0,1
5,f_0001EFBD,function,1,1,2
5,f_0001EFE2,function,1,0,1
5,f_0001F007,function,1,0,1
5,f_0001F02C,function,1,0,1
5,f_0001F051,function,1,0,1
5,f_0001F076,function,1,0,1
5,f_0001F09B,function,1,2,3
5,f_0001F0C0,function,1,0,1
5,f_0001F0E5,function,1,0,1
5,f_0001F10A,function,1,0,1
5,f_0001F12F,function,1,0,1
5,f_0001F154,function,1,0,1
5,f_0001F179,function,1,0,1
5,f_0001F19E,function,1,0,1
5,f_0001F1C3,function,1,0,1
5,f_0001F1E8,function,1,0,1
5,f_0001F20D,function,1,0,1
5,f_0001F232,function,1,0,1
5,f_0001F257,function,1,0,1
5,f_0001F27C,function,1,0,1
5,f_0001F2A1,function,1,1,2
5,f_0001F2C6,function,1,0,1
5,f_0001F2EB,function,1,1,2
5,f_0001F310,function,1,0,1
5,f_0001F335,function,1,1,2
5,f_0001F35A,function,1,0,1
5,f_0001F37F,function,1,1,2
5,f_0001F3A4,function,1,0,1
5,f_0001F3C9,function,1,1,2
5,f_0001F3EE,function,1,0,1
5,f_0001F413,function,1,0,1
5,f_0001F438,function,1,0,1
5,f_0001F45D,function,1,1,2
5,f_0001F482,function,1,0,1
5,f_0001F4A7,function,1,1,2
5,f_0001F4CC,function,1,0,1
5,f_0001F4F1,function,1,0,1
5,f_0001F516,function,1,0,1
5,f_0001F53B,function,1,0,1
5,f_0001F560,function,1,0,1
5,f_0001F585,function,1,0,1
5,f_0001F5AA,function,1,0,1
5,f_0001F5CF,function,1,1,2
5,f_0001F5F4,function,1,0,1
5,f_0001F619,function,1,0,1
5,f_0001F63E,function,1,0,1
5,f_0001F663,function,1,0,1
5,f_0001F688,function,1,0,1
5,f_0001F6AD,function,1,1,2
5,f_0001F6D2,function,1,0,1
5,f_0001F6F7,function,1,0,1
5,f_0001F71C,function,1,0,1
5,f_0001F741,function,1,0,1
5,f_0001F766,function,1,0,1
5,f_0001F78B,function,1,0,1
5,f_0001F7B0,function,1,0,1
5,f_0001F7D5,function,1,0,1
5,f_0001F7FA,function,1,0,1
5,f_0001F81F,function,1,0,1
5,f_0001F844,function,1,0,1
5,f_0001F869,function,1,0,1
5,f_0001F88E,function,1,0,1
5,f_0001F8B3,function,1,1,2
5,f_0001F8D8,function,1,0,1
5,f_0001F8FD,function,1,1,2
5,f_0001F922,function,1,0,1
5,f_0001F947,function,1,1,2
5,f_0001F96C,function,1,0,1
5,f_0001F991,function,1,0,1
5,f_0001F9B6,function,1,0,1
5,f_0001F9DB,function,1,0,1
5,f_0001FA00,function,1,0,1
5,f_0001FA25,function,1,0,1
5,f_0001FA4A,function,1,0,1
5,f_0001FA6F,function,1,0,1
5,f_0001FA94,function,1,0,1
5,f_0001FAB9,function,1,1,2
5,f_0001FADE,function,1,0,1
5,f_0001FB03,function,1,0,1
5,f_0001FB28,function,1,0,1
5,f_0001FB4D,function,1,0,1
5,f_0001FB72,function,1,0,1
5,f_0001FB97,function,1,0,1
5,f_0001FBBC,function,1,0,1
5,f_0001FBE1,function,1,1,2
5,f_0001FC06,function,1,0,1
5,f_0001FC2B,function,1,0,1
5,f_0001FC50,function,1,0,1
5,f_0001FC75,function,1,0,1
5,f_0001FC9A,function,1,0,1
5,f_0001FCBF,function,1,1,2
5,f_0001FCE4,function,1,0,1
5,f_0001FD09,function,1,0,1
5,f_0001FD2E,function,1,0,1
5,f_0001FD53,function,1,0,1
5,f_0001FD78,function,1,0,1
5,f_0001FD9D,function,1,0,1
5,f_0001FDC2,function,1,0,1
5,f_0001FDE7,function,1,0,1
5,f_0001FE0C,function,1,0,1
5,f_0001FE31,function,1,0,1
5,f_0001FE56,function,1,0,1
5,f_0001FE7B,function,1,0,1
5,f_0001FEA0,function,1,0,1
5,f_0001FEC5,function,1,2,3
5,f_0001FEEA,function,1,0,1
5,f_0001FF0F,function,1,4,5
5,f_0001FF34,function,1,0,1
5,f_0001FF59,function,1,5,6
5,f_0001FF7E,function,1,0,1
5,f_0001FFA3,function,1,4,5
5,f_0001FFC8,function,1,0,1
5,f_0001FFED,function,1,4,5
5,f_00020012,function,1,0,1
5,f_00020037,function,1,1,2
5,f_0002005C,function,1,0,1
5,f_00020081,function,1,3,4
5,f_000200A6,function,1,0,1
5,f_000200CB,function,1,4,5
5,f_000200F0,function,1,0,1
5,f_00020115,function,1,4,5
5,f_0002013A,function,1,0,1
5,f_0002015F,function,1,4,5
5,f_00020184,function,1,0,1
5,f_000201A9,function,1,5,6
5,f_000201CE,function,1,0,1
5,f_000201F3,function,1,1,2
5,f_00020218,function,1,0,1
5,f_0002023D,function,1,0,1
5,f_00020262,function,1,0,1
5,f_00020287,function,1,2,3
5,f_000202AC,function,1,0,1
5,f_000202D1,function,1,4,5
5,f_000202F6,function,1,0,1
5,f_0002031B,function,1,0,1
5,f_00020340,function,1,0,1
5,f_00020365,function,1,2,3
5,f_0002038A,function,1,0,1
5,f_000203AF,function,1,0,1
5,f_000203D4,function,1,0,1
5,f_000203F9,function,1,5,6
5,f_0002041E,function,1,0,1
5,f_00020443,function,1,3,4
5,f_00020468,function,1,0,1
5,f_0002048D,function,1,1,2
5,f_000204B2,function,1,0,1
5,f_000204D7,function,1,4,5
5,f_000204FC,function,1,0,1
5,f_00020521,function,1,0,1
5,f_00020546,function,1,0,1
5,f_0002056B,function,1,2,3
5,f_00020590,function,1,0,1
5,f_000205B5,function,1,2,3
5,f_000205DA,function,1,0,1
5,f_000205FF,function,1,0,1
5,f_00020624,function,1,0,1
5,f_00020649,function,1,1,2
5,f_0002066E,function,1,0,1
5,f_00020693,function,1,0,1
5,f_000206B8,function,1,0,1
5,f_000206DD,function,1,1,2
5,f_00020702,function,1,0,1
5,f_00020727,function,1,2,3
5,f_0002074C,function,1,0,1
5,f_00020771,function,1,0,1
5,f_00020796,function,1,0,1
5,f_000207BB,function,1,1,2
5,f_000207E0,function,1,0,1
5,f_00020805,function,1,0,1
5,f_0002082A,function,1,0,1
5,f_0002084F,function,1,0,1
5,f_00020874,function,1,0,1
5,f_00020899,function,1,0,1
5,f_000208BE,function,1,0,1
5,f_000208E3,function,1,0,1
5,f_00020908,function,1,0,1
5,f_0002092D,function,1,1,2
5,f_00020952,function,1,0,1
5,f_00020977,function,1,0,1
5,f_0002099C,function,1,0,1
5,f_000209C1,function,1,0,1
5,f_000209E6,function,1,0,1
5,f_00020A0B,function,1,0,1
5,f_00020A30,function,1,0,1
5,f_00020A55,function,1,0,1
5,f_00020A7A,function,1,0,1
5,f_00020A9F,function,1,0,1
5,f_00020AC4,function,1,0,1
5,f_00020AE9,function,1,0,1
5,f_00020B0E,function,1,0,1
5,f_00020B33,function,1,1,2
5,f_00020B58,function,1,0,1
5,f_00020B7D,function,1,0,1
5,f_00020BA2,function,1,0,1
5,f_00020BC7,function,1,1,2
5,f_00020BEC,function,1,0,1
5,f_00020C11,function,1,1,2
5,f_00020C36,function,1,0,1
5,f_00020C5B,function,1,1,2
5,f_00020C80,function,1,0,1
5,f_00020CA5,function,1,1,2
5,f_00020CCA,function,1,0,1
5,f_00020CEF,function,1,0,1
5,f_00020D14,function,1,0,1
5,f_00020D39,function,1,0,1
5,f_00020D5E,function,1,0,1
5,f_00020D83,function,1,1,2
5,f_00020DA8,function,1,0,1
5,f_00020DCD,function,1,1,2
5,f_00020DF2,function,1,0,1
5,f_00020E17,function,1,0,1
5,f_00020E3C,function,1,0,1
5,f_00020E61,function,1,1,2
5,f_00020E86,function,1,0,1
5,f_00020EAB,function,1,1,2
5,f_00020ED0,function,1,0,1
5,f_00020EF5,function,1,0,1
5,f_00020F1A,function,1,0,1
5,f_00020F3F,function,1,0,1
5,f_00020F64,function,1,0,1
5,f_00020F89,function,1,1,2
5,f_00020FAE,function,1,0,1
5,f_00020FD3,function,1,0,1
5,f_00020FF8,function,1,0,1
5,f_0002101D,function,1,0,1
5,f_00021042,function,1,0,1
5,f_00021067,function,1,0,1
5,f_0002108C,function,1,0,1
5,f_000210B1,function,1,1,2
5,f_000210D6,function,1,0,1
5,f_000210FB,function,1,0,1
5,f_00021120,function,1,0,1
5,f_00021145,function,1,0,1
5,f_0002116A,function,1,0,1
5,f_0002118F,function,1,0,1
5,f_000211B4,function,1,0,1
5,f_000211D9,function,1,0,1
5,f_000211FE,function,1,0,1
5,f_00021223,function,1,1,2
5,f_00021248,function,1,0,1
5,f_0002126D,function,1,1,2
5,f_00021292,function,1,0,1
5,f_000212B7,function,1,0,1
5,f_000212DC,function,1,0,1
5,f_00021301,function,1,0,1
5,f_00021326,function,1,0,1
5,f_0002134B,function,1,0,1
5,f_00021370,function,1,0,1
5,f_00021395,function,1,0,1
5,f_000213BA,function,1,0,1
5,f_000213DF,function,1,1,2
5,f_00021404,function,1,0,1
5,f_00021429,function,1,0,1
5,f_0002144E,function,1,0,1
5,f_00021473,function,1,0,1
5,f_00021498,function,1,0,1
5,f_000214BD,function,1,0,1
5,f_000214E2,function,1,0,1
5,f_00021507,function,1,0,1
5,f_0002152C,function,1,0,1
5,f_00021551,function,1,0,1
5,f_00021576,function,1,0,1
5,f_0002159B,function,1,0,1
5,f_000215C0,function,1,0,1
5,f_000215E5,function,1,1,2
5,f_0002160A,function,1,0,1
5,f_0002162F,function,1,0,1
5,f_00021654,function,1,0,1
5,f_00021679,function,1,0,1
5,f_0002169E,function,1,0,1
5,f_000216C3,function,1,0,1
5,f_000216E8,function,1,0,1
5,f_0002170D,function,1,0,1
5,f_00021732,function,1,0,1
5,f_00021757,function,1,0,1
5,f_0002177C,function,1,0,1
5,f_000217A1,function,1,0,1
5,f_000217C6,function,1,0,1
5,f_000217EB,function,1,1,2
5,f_00021810,function,1,0,1
5,f_00021835,function,1,3,4
5,f_0002185A,function,1,0,1
5,f_0002187F,function,1,5,6
5,f_000218A4,function,1,0,1
5,f_000218C9,function,1,5,6
5,f_000218EE,function,1,0,1
5,f_00021913,function,1,6,7
5,f_00021938,function,1,0,1
5,f_0002195D,function,1,7,8
5,f_00021982,function,1,0,1
5,f_000219A7,function,1,4,5
5,f_000219CC,function,1,0,1
5,f_000219F1,function,1,0,1
5,f_00021A16,function,1,0,1
5,f_00021A3B,function,1,6,7
5,f_00021A60,function,1,0,1
5,f_00021A85,function,1,0,1
5,f_00021AAA,function,1,0,1
5,f_00021ACF,function,1,5,6
5,f_00021AF4,function,1,0,1
5,f_00021B19,function,1,1,2
5,f_00021B3E,function,1,0,1
5,f_00021B63,function,1,3,4
5,f_00021B88,function,1,0,1
5,f_00021BAD,function,1,3,4
5,f_00021BD2,function,1,0,1
5,f_00021BF7,function,1,1,2
5,f_00021C1C,function,1,0,1
5,f_00021C41,function,1,1,2
5,f_00021C66,function,1,0,1
5,f_00021C8B,function,1,2,3
5,f_00021CB0,function,1,0,1
5,f_00021CD5,function,1,2,3
5,f_00021CFA,function,1,0,1
5,f_00021D1F,function,1,2,3
5,f_00021D44,function,1,0,1
5,f_00021D69,function,1,0,1
5,f_00021D8E,function,1,0,1
5,f_00021DB3,function,1,2,3
5,f_00021DD8,function,1,0,1
5,f_00021DFD,function,1,0,1
5,f_00021E22,function,1,0,1
5,f_00021E47,function,1,0,1
5,f_00021E6C,function,1,0,1
5,f_00021E91,function,1,0,1
5,f_00021EB6,function,1,0,1
5,f_00021EDB,function,1,0,1
5,f_00021F00,function,1,0,1
5,f_00021F25,function,1,1,2
5,f_00021F4A,function,1,0,1
5,f_00021F6F,function,1,1,2
5,f_00021F94,function,1,0,1
5,f_00021FB9,function,1,1,2
5,f_00021FDE,function,1,0,1
5,f_00022003,function,1,1,2
5,f_00022028,function,1,0,1
5,f_0002204D,function,1,1,2
5,f_00022072,function,1,0,1
5,f_00022097,function,1,1,2
5,f_000220BC,function,1,0,1
5,f_000220E1,function,1,0,1
5,f_00022106,function,1,0,1
5,f_0002212B,function,1,1,2
5,f_00022150,function,1,0,1
5,f_00022175,function,1,0,1
5,f_0002219A,function,1,0,1
5,f_000221BF,function,1,1,2
5,f_000221E4,function,1,0,1
5,f_00022209,function,1,0,1
5,f_0002222E,function,1,0,1
5,f_00022253,function,1,0,1
5,f_00022278,function,1,0,1
5,f_0002229D,function,1,1,2
5,f_000222C2,function,1,0,1
5,f_000222E7,function,1,1,2
5,f_0002230C,function,1,0,1
5,f_00022331,function,1,1,2
5,f_00022356,function,1,0,1
5,f_0002237B,function,1,1,2
5,f_000223A0,function,1,0,1
5,f_000223C5,function,1,1,2
5,f_000223EA,function,1,0,1
5,f_0002240F,function,1,1,2
5,f_00022434,function,1,0,1
5,f_00022459,function,1,0,1
5,f_0002247E,function,1,0,1
5,f_000224A3,function,1,0,1
5,f_000224C8,function,1,0,1
5,f_000224ED,function,1,0,1
5,f_00022512,function,1,0,1
5,f_00022537,function,1,1,2
5,f_0002255C,function,1,0,1
5,f_00022581,function,1,0,1
5,f_000225A6,function,1,0,1
5,f_000225CB,function,1,0,1
5,f_000225F0,function,1,0,1
5,f_00022615,function,1,3,4
5,f_0002263A,function,1,0,1
5,f_0002265F,function,1,5,6
5,f_00022684,function,1,0,1
5,f_000226A9,function,1,4,5
5,f_000226CE,function,1,0,1
5,f_000226F3,function,1,3,4
5,f_00022718,function,1,0,1
5,f_0002273D,function,1,3,4
5,f_00022762,function,1,0,1
5,f_00022787,function,1,3,4
5,f_000227AC,function,1,0,1
5,f_000227D1,function,1,1,2
5,f_000227F6,function,1,0,1
5,f_0002281B,function,1,4,5
5,f_00022840,function,1,0,1
5,f_00022865,function,1,2,3
5,f_0002288A,function,1,0,1
5,f_000228AF,function,1,2,3
5,f_000228D4,function,1,0,1
5,f_000228F9,function,1,4,5
5,f_0002291E,function,1,0,1
5,f_00022943,function,1,2,3
5,f_00022968,function,1,0,1
5,f_0002298D,function,1,2,3
5,f_000229B2,function,1,0,1
5,f_000229D7,function,1,1,2
5,f_000229FC,function,1,0,1
5,f_00022A21,function,1,0,1
5,f_00022A46,function,1,0,1
5,f_00022A6B,function,1,0,1
5,f_00022A90,function,1,0,1
5,f_00022AB5,function,1,3,4
5,f_00022ADA,function,1,0,1
5,f_00022AFF,function,1,1,2
5,f_00022B24,function,1,0,1
5,f_00022B49,function,1,1,2
5,f_00022B6E,function,1,0,1
5,f_00022B93,function,1,1,2
5,f_00022BB8,function,1,0,1
5,f_00022BDD,function,1,4,5
5,f_00022C02,function,1,0,1
5,f_00022C27,function,1,2,3
5,f_00022C4C,function,1,0,1
5,f_00022C71,function,1,1,2
5,f_00022C96,function,1,0,1
5,f_00022CBB,function,1,1,2
5,f_00022CE0,function,1,0,1
5,f_00022D05,function,1,0,1
5,f_00022D2A,function,1,0,1
5,f_00022D4F,function,1,2,3
5,f_00022D74,function,1,0,1
5,f_00022D99,function,1,1,2
5,f_00022DBE,function,1,0,1
5,f_00022DE3,function,1,0,1
5,f_00022E08,function,1,0,1
5,f_00022E2D,function,1,2,3
5,f_00022E52,function,1,0,1
5,f_00022E77,function,1,0,1
5,f_00022E9C,function,1,0,1
5,f_00022EC1,function,1,0,1
5,f_00022EE6,function,1,0,1
5,f_00022F0B,function,1,0,1
5,f_00022F30,function,1,0,1
5,f_00022F55,function,1,0,1
5,f_00022F7A,function,1,0,1
5,f_00022F9F,function,1,0,1
5,f_00022FC4,function,1,0,1
5,f_00022FE9,function,1,1,2
5,f_0002300E,function,1,0,1
5,f_00023033,function,1,1,2
5,f_00023058,function,1,0,1
5,f_0002307D,function,1,5,6
5,f_000230A2,function,1,0,1
5,f_000230C7,function,1,2,3
5,f_000230EC,function,1,0,1
5,f_00023111,function,1,3,4
5,f_00023136,function,1,0,1
5,f_0002315B,function,1,3,4
5,f_00023180,function,1,0,1
5,f_000231A5,function,1,4,5
5,f_000231CA,function,1,0,1
5,f_000231EF,function,1,2,3
5,f_00023214,function,1,0,1
5,f_00023239,function,1,3,4
5,f_0002325E,function,1,0,1
5,f_00023283,function,1,7,8
5,f_000232A8,function,1,0,1
5,f_000232CD,function,1,3,4
5,f_000232F2,function,1,0,1
5,f_00023317,function,1,1,2
5,f_0002333C,function,1,0,1
5,f_00023361,function,1,1,2
5,f_00023386,function,1,0,1
5,f_000233AB,function,1,0,1
5,f_000233D0,function,1,0,1
5,f_000233F5,function,1,2,3
5,f_0002341A,function,1,0,1
5,f_0002343F,function,1,0,1
5,f_00023464,function,1,0,1
5,f_00023489,function,1,2,3
5,f_000234AE,function,1,0,1
5,f_000234D3,function,1,2,3
5,f_000234F8,function,1,0,1
5,f_0002351D,function,1,1,2
5,f_00023542,function,1,0,1
5,f_00023567,function,1,0,1
5,f_0002358C,function,1,0,1
5,f_000235B1,function,1,0,1
5,f_000235D6,function,1,0,1
5,f_000235FB,function,1,0,1
5,f_00023620,function,1,0,1
5,f_00023645,function,1,1,2
5,f_0002366A,function,1,0,1
5,f_0002368F,function,1,0,1
5,f_000236B4,function,1,0,1
5,f_000236D9,function,1,0,1
5,f_000236FE,function,1,0,1
5,f_00023723,function,1,4,5
5,f_00023748,function,1,0,1
5,f_0002376D,function,1,2,3
5,f_00023792,function,1,0,1
5,f_000237B7,function,1,1,2
5,f_000237DC,function,1,0,1
5,f_00023801,function,1,2,3
5,f_00023826,function,1,0,1
5,f_0002384B,function,1,2,3
5,f_00023870,function,1,0,1
5,f_00023895,function,1,2,3
5,f_000238BA,function,1,0,1
5,f_000238DF,function,1,1,2
5,f_00023904,function,1,0,1
5,f_00023929,function,1,1,2
5,f_0002394E,function,1,0,1
5,f_00023973,function,1,3,4
5,f_00023998,function,1,0,1
5,f_000239BD,function,1,2,3
5,f_000239E2,function,1,0,1
5,f_00023A07,function,1,1,2
5,f_00023A2C,function,1,0,1
5,f_00023A51,function,1,3,4
5,f_00023A76,function,1,0,1
5,f_00023A9B,function,1,1,2
5,f_00023AC0,function,1,0,1
5,f_00023AE5,function,1,2,3
5,f_00023B0A,function,1,0,1
5,f_00023B2F,function,1,0,1
5,f_00023B54,function,1,0,1
5,f_00023B79,function,1,1,2
5,f_00023B9E,function,1,0,1
5,f_00023BC3,function,1,1,2
5,f_00023BE8,function,1,0,1
5,f_00023C0D,function,1,1,2
5,f_00023C32,function,1,0,1
5,f_00023C57,function,1,0,1
5,f_00023C7C,function,1,0,1
5,f_00023CA1,function,1,0,1
5,f_00023CC6,function,1,0,1
5,f_00023CEB,function,1,0,1
5,f_00023D10,function,1,0,1
5,f_00023D35,function,1,1,2
5,f_00023D5A,function,1,0,1
5,f_00023D7F,function,1,0,1
5,f_00023DA4,function,1,0,1
5,f_00023DC9,function,1,1,2
5,f_00023DEE,function,1,0,1
5,f_00023E13,function,1,1,2
5,f_00023E38,function,1,0,1
5,f_00023E5D,function,1,1,2
5,f_00023E82,function,1,0,1
5,f_00023EA7,function,1,1,2
5,f_00023ECC,function,1,0,1
5,f_00023EF1,function,1,1,2
5,f_00023F16,function,1,0,1
5,f_00023F3B,function,1,2,3
5,f_00023F60,function,1,0,1
5,f_00023F85,function,1,2,3
5,f_00023FAA,function,1,0,1
5,f_00023FCF,function,1,1,2
5,f_00023FF4,function,1,0,1
5,f_00024019,function,1,1,2
5,f_0002403E,function,1,0,1
5,f_00024063,function,1,3,4
5,f_00024088,function,1,0,1
5,f_000240AD,function,1,0,1
5,f_000240D2,function,1,0,1
5,f_000240F7,function,1,1,2
5,f_0002411C,function,1,0,1
5,f_00024141,function,1,3,4
5,f_00024166,function,1,0,1
5,f_0002418B,function,1,1,2
5,f_000241B0,function,1,0,1
5,f_000241D5,function,1,1,2
5,f_000241FA,function,1,0,1
5,f_0002421F,function,1,0,1
5,f_00024244,function,1,0,1
5,f_00024269,function,1,3,4
5,f_0002428E,function,1,0,1
5,f_000242B3,function,1,0,1
5,f_000242D8,function,1,0,1
5,f_000242FD,function,1,0,1
5,f_00024322,function,1,0,1
5,f_00024347,function,1,0,1
5,f_0002436C,function,1,0,1
5,f_00024391,function,1,0,1
5,f_000243B6,function,1,0,1
5,f_000243DB,function,1,0,1
5,f_00024400,function,1,0,1
5,f_00024425,function,1,0,1
5,f_0002444A,function,1,0,1
5,f_0002446F,function,1,0,1
5,f_00024494,function,1,0,1
5,f_000244B9,function,1,0,1
5,f_000244DE,function,1,0,1
5,f_00024503,function,1,1,2
5,f_00024528,function,1,0,1
5,f_0002454D,function,1,1,2
5,f_00024572,function,1,0,1
5,f_00024597,function,1,0,1
5,f_000245BC,function,1,0,1
5,f_000245E1,function,1,1,2
5,f_00024606,function,1,0,1
5,f_0002462B,function,1,1,2
5,f_00024650,function,1,0,1
5,f_00024675,function,1,1,2
5,f_0002469A,function,1,0,1
5,f_000246BF,function,1,0,1
5,f_000246E4,function,1,0,1
5,f_00024709,function,1,0,1
5,f_0002472E,function,1,0,1
5,f_00024753,function,1,1,2
5,f_00024778,function,1,0,1
5,f_0002479D,function,1,1,2
5,f_000247C2,function,1,0,1
5,f_000247E7,function,1,0,1
5,f_0002480C,function,1,0,1
5,f_00024831,function,1,0,1
5,f_00024856,function,1,0,1
5,f_0002487B,function,1,0,1
5,f_000248A0,function,1,0,1
5,f_000248C5,function,1,1,2
5,f_000248EA,function,1,0,1
5,f_0002490F,function,1,0,1
5,f_00024934,function,1,0,1
5,f_00024959,function,1,0,1
5,f_0002497E,function,1,0,1
5,f_000249A3,function,1,1,2
5,f_000249C8,function,1,0,1
5,f_000249ED,function,1,1,2
5,f_00024A12,function,1,0,1
5,f_00024A37,function,1,0,1
5,f_00024A5C,function,1,0,1
5,f_00024A81,function,1,0,1
5,f_00024AA6,function,1,0,1
5,f_00024ACB,function,1,0,1
5,f_00024AF0,function,1,0,1
5,f_00024B15,function,1,0,1
5,f_00024B3A,function,1,0,1
5,f_00024B5F,function,1,0,1
5,f_00024B84,function,1,0,1
5,f_00024BA9,function,1,0,1
5,f_00024BCE,function,1,0,1
5,f_00024BF3,function,1,0,1
5,f_00024C18,function,1,0,1
5,f_00024C3D,function,1,3,4
5,f_00024C62,function,1,0,1
5,f_00024C87,function,1,5,6
5,f_00024CAC,function,1,0,1
5,f_00024CD1,function,1,5,6
5,f_00024CF6,function,1,0,1
5,f_00024D1B,function,1,2,3
5,f_00024D40,function,1,0,1
5,f_00024D65,function,1,2,3
5,f_00024D8A,function,1,0,1
5,f_00024DAF,function,1,2,3
5,f_00024DD4,function,1,0,1
5,f_00024DF9,function,1,4,5
5,f_00024E1E,function,1,0,1
5,f_00024E43,function,1,5,6
5,f_00024E68,function,1,0,1
5,f_00024E8D,function,1,1,2
5,f_00024EB2,function,1,0,1
5,f_00024ED7,function,1,1,2
5,f_00024EFC,function,1,0,1
5,f_00024F21,function,1,1,2
5,f_00024F46,function,1,0,1
5,f_00024F6B,function,1,1,2
5,f_00024F90,function,1,0,1
5,f_00024FB5,function,1,2,3
5,f_00024FDA,function,1,0,1
5,f_00024FFF,function,1,2,3
5,f_00025024,function,1,0,1
5,f_00025049,function,1,3,4
5,f_0002506E,function,1,0,1
5,f_00025093,function,1,1,2
5,f_000250B8,function,1,0,1
5,f_000250DD,function,1,0,1
5,f_00025102,function,1,0,1
5,f_00025127,function,1,1,2
5,f_0002514C,function,1,0,1
5,f_00025171,function,1,1,2
5,f_00025196,function,1,0,1
5,f_000251BB,function,1,0,1
5,f_000251E0,function,1,0,1
5,f_00025205,function,1,0,1
5,f_0002522A,function,1,0,1
5,f_0002524F,function,1,1,2
5,f_00025274,function,1,0,1
5,f_00025299,function,1,1,2
5,f_000252BE,function,1,0,1
5,f_000252E3,function,1,2,3
5,f_00025308,function,1,0,1
5,f_0002532D,function,1,2,3
5,f_00025352,function,1,0,1
5,f_00025377,function,1,2,3
5,f_0002539C,function,1,0,1
5,f_000253C1,function,1,2,3
5,f_000253E6,function,1,0,1
5,f_0002540B,function,1,2,3
5,f_00025430,function,1,0,1
5,f_00025455,function,1,2,3
5,f_0002547A,function,1,0,1
5,f_0002549F,function,1,2,3
5,f_000254C4,function,1,0,1
5,f_000254E9,function,1,1,2
5,f_0002550E,function,1,0,1
5,f_00025533,function,1,1,2
5,f_00025558,function,1,0,1
5,f_0002557D,function,1,3,4
5,f_000255A2,function,1,0,1
5,f_000255C7,function,1,2,3
5,f_000255EC,function,1,0,1
5,f_00025611,function,1,2,3
5,f_00025636,function,1,0,1
5,f_0002565B,function,1,2,3
5,f_00025680,function,1,0,1
5,f_000256A5,function,1,2,3
5,f_000256CA,function,1,0,1
5,f_000256EF,function,1,1,2
5,f_00025714,function,1,0,1
5,f_00025739,function,1,1,2
5,f_0002575E,function,1,0,1
5,f_00025783,function,1,2,3
5,f_000257A8,function,1,0,1
5,f_000257CD,function,1,2,3
5,f_000257F2,function,1,0,1
5,f_00025817,function,1,0,1
5,f_0002583C,function,1,0,1
5,f_00025861,function,1,1,2
5,f_00025886,function,1,0,1
5,f_000258AB,function,1,0,1
5,f_000258D0,function,1,0,1
5,f_000258F5,function,1,1,2
5,f_0002591A,function,1,0,1
5,f_0002593F,function,1,0,1
5,f_00025964,function,1,0,1
5,f_00025989,function,1,2,3
5,f_000259AE,function,1,0,1
5,f_000259D3,function,1,2,3
5,f_000259F8,function,1,0,1
5,f_00025A1D,function,1,0,1
5,f_00025A42,function,1,0,1
5,f_00025A67,function,1,0,1
5,f_00025A8C,function,1,0,1
5,f_00025AB1,function,1,1,2
5,f_00025AD6,function,1,0,1
5,f_00025AFB,function,1,2,3
5,f_00025B20,function,1,0,1
5,f_00025B45,function,1,2,3
5,f_00025B6A,function,1,0,1
5,f_00025B8F,function,1,2,3
5,f_00025BB4,function,1,0,1
5,f_00025BD9,function,1,2,3
5,f_00025BFE,function,1,0,1
5,f_00025C23,function,1,1,2
5,f_00025C48,function,1,0,1
5,f_00025C6D,function,1,2,3
5,f_00025C92,function,1,0,1
5,f_00025CB7,function,1,1,2
5,f_00025CDC,function,1,0,1
5,f_00025D01,function,1,1,2
5,f_00025D26,function,1,0,1
5,f_00025D4B,function,1,3,4
5,f_00025D70,function,1,0,1
5,f_00025D95,function,1,0,1
5,f_00025DBA,function,1,0,1
5,f_00025DDF,function,1,3,4
5,f_00025E04,function,1,0,1
5,f_00025E29,function,1,0,1
5,f_00025E4E,function,1,0,1
5,f_00025E73,function,1,1,2
5,f_00025E98,function,1,0,1
5,f_00025EBD,function,1,2,3
5,f_00025EE2,function,1,0,1
5,f_00025F07,function,1,1,2
5,f_00025F2C,function,1,0,1
5,f_00025F51,function,1,0,1
5,f_00025F76,function,1,0,1
5,f_00025F9B,function,1,0,1
5,f_00025FC0,function,1,0,1
5,f_00025FE5,function,1,0,1
5,f_0002600A,function,1,0,1
5,f_0002602F,function,1,0,1
5,f_00026054,function,1,0,1
5,f_00026079,function,1,0,1
5,f_0002609E,function,1,0,1
5,f_000260C3,function,1,0,1
5,f_000260E8,function,1,0,1
5,f_0002610D,function,1,0,1
5,f_00026132,function,1,0,1
5,f_00026157,function,1,0,1
5,f_0002617C,function,1,0,1
5,f_000261A1,function,1,2,3
5,f_000261C6,function,1,0,1
5,f_000261EB,function,1,1,2
5,f_00026210,function,1,0,1
5,f_00026235,function,1,1,2
5,f_0002625A,function,1,0,1
5,f_0002627F,function,1,1,2
5,f_000262A4,function,1,0,1
5,f_000262C9,function,1,0,1
5,f_000262EE,function,1,0,1
5,f_00026313,function,1,1,2
5,f_00026338,function,1,0,1
5,f_0002635D,function,1,0,1
5,f_00026382,function,1,0,1
5,f_000263A7,function,1,0,1
5,f_000263CC,function,1,0,1
5,f_000263F1,function,1,1,2
5,f_00026416,function,1,0,1
5,f_0002643B,function,1,0,1
5,f_00026460,function,1,0,1
5,f_00026485,function,1,0,1
5,f_000264AA,function,1,0,1
5,f_000264CF,function,1,0,1
5,f_000264F4,function,1,0,1
5,f_00026519,function,1,0,1
5,f_0002653E,function,1,0,1
5,f_00026563,function,1,0,1
5,f_00026588,function,1,0,1
5,f_000265AD,function,1,1,2
5,f_000265D2,function,1,0,1
5,f_000265F7,function,1,0,1
5,f_0002661C,function,1,0,1
5,f_00026641,function,1,1,2
5,f_00026666,function,1,0,1
5,f_0002668B,function,1,0,1
5,f_000266B0,function,1,0,1
5,f_000266D5,function,1,0,1
5,f_000266FA,function,1,0,1
5,f_0002671F,function,1,0,1
5,f_00026744,function,1,0,1
5,f_00026769,function,1,0,1
5,f_0002678E,function,1,0,1
5,f_000267B3,function,1,0,1
5,f_000267D8,function,1,0,1
5,f_000267FD,function,1,0,1
5,f_00026822,function,1,0,1
5,f_00026847,function,1,0,1
5,f_0002686C,function,1,0,1
5,f_00026891,function,1,0,1
5,f_000268B6,function,1,0,1
5,f_000268DB,function,1,0,1
5,f_00026900,function,1,0,1
5,f_00026925,function,1,3,4
5,f_0002694A,function,1,0,1
5,f_0002696F,function,1,1,2
5,f_00026994,function,1,0,1
5,f_000269B9,function,1,1,2
5,f_000269DE,function,1,0,1
5,f_00026A03,function,1,4,5
5,f_00026A28,function,1,0,1
5,f_00026A4D,function,1,4,5
5,f_00026A72,function,1,0,1
5,f_00026A97,function,1,4,5
5,f_00026ABC,function,1,0,1
5,f_00026AE1,function,1,0,1
5,f_00026B06,function,1,0,1
5,f_00026B2B,function,1,4,5
5,f_00026B50,function,1,0,1
5,f_00026B75,function,1,1,2
5,f_00026B9A,function,1,0,1
5,f_00026BBF,function,1,3,4
5,f_00026BE4,function,1,0,1
5,f_00026C09,function,1,0,1
5,f_00026C2E,function,1,0,1
5,f_00026C53,function,1,2,3
5,f_00026C78,function,1,0,1
5,f_00026C9D,function,1,2,3
5,f_00026CC2,function,1,0,1
5,f_00026CE7,function,1,3,4
5,f_00026D0C,function,1,0,1
5,f_00026D31,function,1,1,2
5,f_00026D56,function,1,0,1
5,f_00026D7B,function,1,3,4
5,f_00026DA0,function,1,0,1
5,f_00026DC5,function,1,3,4
5,f_00026DEA,function,1,0,1
5,f_00026E0F,function,1,3,4
5,f_00026E34,function,1,0,1
5,f_00026E59,function,1,2,3
5,f_00026E7E,function,1,0,1
5,f_00026EA3,function,1,0,1
5,f_00026EC8,function,1,0,1
5,f_00026EED,function,1,3,4
5,f_00026F12,function,1,0,1
5,f_00026F37,function,1,2,3
5,f_00026F5C,function,1,0,1
5,f_00026F81,function,1,3,4
5,f_00026FA6,function,1,0,1
5,f_00026FCB,function,1,0,1
5,f_00026FF0,function,1,0,1
5,f_00027015,function,1,1,2
5,f_0002703A,function,1,0,1
5,f_0002705F,function,1,0,1
5,f_00027084,function,1,0,1
5,f_000270A9,function,1,2,3
5,f_000270CE,function,1,0,1
5,f_000270F3,function,1,1,2
5,f_00027118,function,1,0,1
5,f_0002713D,function,1,1,2
5,f_00027162,function,1,0,1
5,f_00027187,function,1,3,4
5,f_000271AC,function,1,0,1
5,f_000271D1,function,1,3,4
5,f_000271F6,function,1,0,1
5,f_0002721B,function,1,1,2
5,f_00027240,function,1,0,1
5,f_00027265,function,1,0,1
5,f_0002728A,function,1,0,1
5,f_000272AF,function,1,2,3
5,f_000272D4,function,1,0,1
5,f_000272F9,function,1,0,1
5,f_0002731E,function,1,0,1
5,f_00027343,function,1,2,3
5,f_00027368,function,1,0,1
5,f_0002738D,function,1,0,1
5,f_000273B2,function,1,0,1
5,f_000273D7,function,1,0,1
5,f_000273FC,function,1,0,1
5,f_00027421,function,1,0,1
5,f_00027446,function,1,0,1
5,f_0002746B,function,1,1,2
5,f_00027490,function,1,0,1
5,f_000274B5,function,1,0,1
5,f_000274DA,function,1,0,1
5,f_000274FF,function,1,1,2
5,f_00027524,function,1,0,1
5,f_00027549,function,1,1,2
5,f_0002756E,function,1,0,1
5,f_00027593,function,1,1,2
5,f_000275B8,function,1,0,1
5,f_000275DD,function,1,1,2
5,f_00027602,function,1,0,1
5,f_00027627,function,1,0,1
5,f_0002764C,function,1,0,1
5,f_00027671,function,1,1,2
5,f_00027696,function,1,0,1
5,f_000276BB,function,1,0,1
5,f_000276E0,function,1,0,1
5,f_00027705,function,1,1,2
5,f_0002772A,function,1,0,1
5,f_0002774F,function,1,0,1
5,f_00027774,function,1,0,1
5,f_00027799,function,1,0,1
5,f_000277BE,function,1,0,1
5,f_000277E3,function,1,0,1
5,f_00027808,function,1,0,1
5,f_0002782D,function,1,1,2
5,f_00027852,function,1,0,1
5,f_00027877,function,1,2,3
5,f_0002789C,function,1,0,1
5,f_000278C1,function,1,1,2
5,f_000278E6,function,1,0,1
5,f_0002790B,function,1,1,2
5,f_00027930,function,1,0,1
5,f_00027955,function,1,1,2
5,f_0002797A,function,1,0,1
5,f_0002799F,function,1,1,2
5,f_000279C4,function,1,0,1
5,f_000279E9,function,1,1,2
5,f_00027A0E,function,1,0,1
5,f_00027A33,function,1,1,2
5,f_00027A58,function,1,0,1
5,f_00027A7D,function,1,1,2
5,f_00027AA2,function,1,0,1
5,f_00027AC7,function,1,0,1
5,f_00027AEC,function,1,0,1
5,f_00027B11,function,1,1,2
5,f_00027B36,function,1,0,1
5,f_00027B5B,function,1,1,2
5,f_00027B80,function,1,0,1
5,f_00027BA5,function,1,0,1
5,f_00027BCA,function,1,0,1
5,f_00027BEF,function,1,0,1
5,f_00027C14,function,1,0,1
5,f_00027C39,function,1,0,1
5,f_00027C5E,function,1,0,1
5,f_00027C83,function,1,0,1
5,f_00027CA8,function,1,0,1
5,f_00027CCD,function,1,1,2
5,f_00027CF2,function,1,0,1
5,f_00027D17,function,1,0,1
5,f_00027D3C,function,1,0,1
5,f_00027D61,function,1,1,2
5,f_00027D86,function,1,0,1
5,f_00027DAB,function,1,1,2
5,f_00027DD0,function,1,0,1
5,f_00027DF5,function,1,2,3
5,f_00027E1A,function,1,0,1
5,f_00027E3F,function,1,2,3
5,f_00027E64,function,1,0,1
5,f_00027E89,function,1,3,4
5,f_00027EAE,function,1,0,1
5,f_00027ED3,function,1,3,4
5,f_00027EF8,function,1,0,1
5,f_00027F1D,function,1,0,1
5,f_00027F42,function,1,0,1
5,f_00027F67,function,1,3,4
5,f_00027F8C,function,1,0,1
5,f_00027FB1,function,1,3,4
5,f_00027FD6,function,1,0,1
5,f_00027FFB,function,1,1,2
5,f_00028020,function,1,0,1
5,f_00028045,function,1,4,5
5,f_0002806A,function,1,0,1
5,f_0002808F,function,1,3,4
5,f_000280B4,function,1,0,1
5,f_000280D9,function,1,1,2
5,f_000280FE,function,1,0,1
5,f_00028123,function,1,0,1
5,f_00028148,function,1,0,1
5,f_0002816D,function,1,0,1
5,f_00028192,function,1,0,1
5,f_000281B7,function,1,0,1
5,f_000281DC,function,1,0,1
5,f_00028201,function,1,2,3
5,f_00028226,function,1,0,1
5,f_0002824B,function,1,0,1
5,f_00028270,function,1,0,1
5,f_00028295,function,1,0,1
5,f_000282BA,function,1,0,1
5,f_000282DF,function,1,1,2
5,f_00028304,function,1,0,1
5,f_00028329,function,1,0,1
5,f_0002834E,function,1,0,1
5,f_00028373,function,1,1,2
5,f_00028398,function,1,0,1
5,f_000283BD,function,1,0,1
5,f_000283E2,function,1,0,1
5,f_00028407,function,1,0,1
5,f_0002842C,function,1,0,1
5,f_00028451,function,1,0,1
5,f_00028476,function,1,0,1
5,f_0002849B,function,1,2,3
5,f_000284C0,function,1,0,1
5,f_000284E5,function,1,0,1
5,f_0002850A,function,1,0,1
5,f_0002852F,function,1,0,1
5,f_00028554,function,1,0,1
5,f_00028579,function,1,1,2
5,f_0002859E,function,1,0,1
5,f_000285C3,function,1,0,1
5,f_000285E8,function,1,0,1
5,f_0002860D,function,1,0,1
5,f_00028632,function,1,0,1
5,f_00028657,function,1,0,1
5,f_0002867C,function,1,0,1
5,f_000286A1,function,1,0,1
5,f_000286C6,function,1,0,1
5,f_000286EB,function,1,0,1
5,f_00028710,function,1,0,1
5,f_00028735,function,1,0,1
5,f_0002875A,function,1,0,1
5,f_0002877F,function,1,0,1
5,f_000287A4,function,1,0,1
5,f_000287C9,function,1,3,4
5,f_000287EE,function,1,0,1
5,f_00028813,function,1,3,4
5,f_00028838,function,1,0,1
5,f_0002885D,function,1,6,7
5,f_00028882,function,1,0,1
5,f_000288A7,function,1,4,5
5,f_000288CC,function,1,0,1
5,f_000288F1,function,1,4,5
5,f_00028916,function,1,0,1
5,f_0002893B,function,1,3,4
5,f_00028960,function,1,0,1
5,f_00028985,function,1,4,5
5,f_000289AA,function,1,0,1
5,f_000289CF,function,1,6,7
5,f_000289F4,function,1,0,1
5,f_00028A19,function,1,2,3
5,f_00028A3E,function,1,0,1
5,f_00028A63,function,1,3,4
5,f_00028A88,function,1,0,1
5,f_00028AAD,function,1,2,3
5,f_00028AD2,function,1,0,1
5,f_00028AF7,function,1,3,4
5,f_00028B1C,function,1,0,1
5,f_00028B41,function,1,0,1
5,f_00028B66,function,1,0,1
5,f_00028B8B,function,1,1,2
5,f_00028BB0,function,1,0,1
5,f_00028BD5,function,1,4,5
5,f_00028BFA,function,1,0,1
5,f_00028C1F,function,1,1,2
5,f_00028C44,function,1,0,1
5,f_00028C69,function,1,1,2
5,f_00028C8E,function,1,0,1
5,f_00028CB3,function,1,1,2
5,f_00028CD8,function,1,0,1
5,f_00028CFD,function,1,5,6
5,f_00028D22,function,1,0,1
5,f_00028D47,function,1,0,1
5,f_00028D6C,function,1,0,1
5,f_00028D91,function,1,2,3
5,f_00028DB6,function,1,0,1
5,f_00028DDB,function,1,3,4
5,f_00028E00,function,1,0,1
5,f_00028E25,function,1,2,3
5,f_00028E4A,function,1,0,1
5,f_00028E6F,function,1,2,3
5,f_00028E94,function,1,0,1
5,f_00028EB9,function,1,1,2
5,f_00028EDE,function,1,0,1
5,f_00028F03,function,1,2,3
5,f_00028F28,function,1,0,1
5,f_00028F4D,function,1,2,3
5,f_00028F72,function,1,0,1
5,f_00028F97,function,1,1,2
5,f_00028FBC,function,1,0,1
5,f_00028FE1,function,1,0,1
5,f_00029006,function,1,0,1
5,f_0002902B,function,1,0,1
5,f_00029050,function,1,0,1
5,f_00029075,function,1,1,2
5,f_0002909A,function,1,0,1
5,f_000290BF,function,1,2,3
5,f_000290E4,function,1,0,1
5,f_00029109,function,1,1,2
5,f_0002912E,function,1,0,1
5,f_00029153,function,1,0,1
5,f_00029178,function,1,0,1
5,f_0002919D,function,1,0,1
5,f_000291C2,function,1,0,1
5,f_000291E7,function,1,1,2
5,f_0002920C,function,1,0,1
5,f_00029231,function,1,0,1
5,f_00029256,function,1,0,1
5,f_0002927B,function,1,0,1
5,f_000292A0,function,1,0,1
5,f_000292C5,function,1,1,2
5,f_000292EA,function,1,0,1
5,f_0002930F,function,1,0,1
5,f_00029334,function,1,0,1
5,f_00029359,function,1,0,1
5,f_0002937E,function,1,0,1
5,f_000293A3,function,1,0,1
5,f_000293C8,function,1,0,1
5,f_000293ED,function,1,0,1
5,f_00029412,function,1,0,1
5,f_00029437,function,1,0,1
5,f_0002945C,function,1,0,1
5,f_00029481,function,1,1,2
5,f_000294A6,function,1,0,1
5,f_000294CB,function,1,0,1
5,f_000294F0,function,1,0,1
5,f_00029515,function,1,1,2
5,f_0002953A,function,1,0,1
5,f_0002955F,function,1,1,2
5,f_00029584,function,1,0,1
5,f_000295A9,function,1,0,1
5,f_000295CE,function,1,0,1
5,f_000295F3,function,1,0,1
5,f_00029618,function,1,0,1
5,f_0002963D,function,1,1,2
5,f_00029662,function,1,0,1
5,f_00029687,function,1,2,3
5,f_000296AC,function,1,0,1
5,f_000296D1,function,1,1,2
5,f_000296F6,function,1,0,1
5,f_0002971B,function,1,0,1
5,f_00029740,function,1,0,1
5,f_00029765,function,1,0,1
5,f_0002978A,function,1,0,1
5,f_000297AF,function,1,0,1
5,f_000297D4,function,1,0,1
5,f_000297F9,function,1,0,1
5,f_0002981E,function,1,0,1
5,f_00029843,function,1,0,1
5,f_00029868,function,1,0,1
5,f_0002988D,function,1,0,1
5,f_000298B2,function,1,0,1
5,f_000298D7,function,1,1,2
5,f_000298FC,function,1,0,1
5,f_00029921,function,1,0,1
5,f_00029946,function,1,0,1
5,f_0002996B,function,1,0,1
5,f_00029990,function,1,0,1
5,f_000299B5,function,1,0,1
5,f_000299DA,function,1,0,1
5,f_000299FF,function,1,0,1
5,f_00029A24,function,1,0,1
5,f_00029A49,function,1,0,1
5,f_00029A6E,function,1,0,1
5,f_00029A93,function,1,0,1
5,f_00029AB8,function,1,0,1
5,f_00029ADD,function,1,0,1
5,f_00029B02,function,1,0,1
5,f_00029B27,function,1,0,1
5,f_00029B4C,function,1,0,1
5,f_00029B71,function,1,0,1
5,f_00029B96,function,1,0,1
5,f_00029BBB,function,1,0,1
5,f_00029BE0,function,1,0,1
5,f_00029C05,function,1,0,1
5,f_00029C2A,function,1,0,1
5,f_00029C4F,function,1,0,1
5,f_00029C74,function,1,0,1
5,f_00029C99,function,1,0,1
5,f_00029CBE,function,1,0,1
5,f_00029CE3,function,1,0,1
5,f_00029D08,function,1,0,1
5,f_00029D2D,function,1,0,1
5,f_00029D52,function,1,0,1
5,f_00029D77,function,1,1,2
5,f_00029D9C,function,1,0,1
5,f_00029DC1,function,1,0,1
5,f_00029DE6,function,1,0,1
5,f_00029E0B,function,1,0,1
5,f_00029E30,function,1,0,1
5,f_00029E55,function,1,0,1
5,f_00029E7A,function,1,0,1
5,f_00029E9F,function,1,0,1
5,f_00029EC4,function,1,0,1
5,f_00029EE9,function,1,1,2
5,f_00029F0E,function,1,0,1
5,f_00029F33,function,1,0,1
5,f_00029F58,function,1,0,1
5,f_00029F7D,function,1,0,1
5,f_00029FA2,function,1,0,1
5,f_00029FC7,function,1,0,1
5,f_00029FEC,function,1,0,1
5,f_0002A011,function,1,0,1
5,f_0002A036,function,1,0,1
5,f_0002A05B,function,1,0,1
5,f_0002A080,function,1,0,1
5,f_0002A0A5,function,1,0,1
5,f_0002A0CA,function,1,0,1
5,f_0002A0EF,function,1,0,1
5,f_0002A114,function,1,0,1
5,f_0002A139,function,1,0,1
5,f_0002A15E,function,1,0,1
5,f_0002A183,function,1,0,1
5,f_0002A1A8,function,1,0,1
5,f_0002A1CD,function,1,0,1
5,f_0002A1F2,function,1,0,1
5,f_0002A217,function,1,0,1
5,f_0002A23C,function,1,0,1
5,f_0002A261,function,1,0,1
5,f_0002A286,function,1,0,1
5,f_0002A2AB,function,1,0,1
5,f_0002A2D0,function,1,0,1
5,f_0002A2F5,function,1,0,1
5,f_0002A31A,function,1,0,1
5,f_0002A33F,function,1,0,1
5,f_0002A364,function,1,0,1
5,f_0002A389,function,1,6,7
5,f_0002A3AE,function,1,0,1
5,f_0002A3D3,function,1,5,6
5,f_0002A3F8,function,1,0,1
5,f_0002A41D,function,1,8,9
5,f_0002A442,function,1,0,1
5,f_0002A467,function,1,5,6
5,f_0002A48C,function,1,0,1
5,f_0002A4B1,function,1,6,7
5,f_0002A4D6,function,1,0,1
5,f_0002A4FB,function,1,2,3
5,f_0002A520,function,1,0,1
5,f_0002A545,function,1,6,7
5,f_0002A56A,function,1,0,1
5,f_0002A58F,function,1,7,8
5,f_0002A5B4,function,1,0,1
5,f_0002A5D9,function,1,3,4
5,f_0002A5FE,function,1,0,1
5,f_0002A623,function,1,5,6
5,f_0002A648,function,1,0,1
5,f_0002A66D,function,1,2,3
5,f_0002A692,function,1,0,1
5,f_0002A6B7,function,1,4,5
5,f_0002A6DC,function,1,0,1
5,f_0002A701,function,1,2,3
5,f_0002A726,function,1,0,1
5,f_0002A74B,function,1,1,2
5,f_0002A770,function,1,0,1
5,f_0002A795,function,1,2,3
5,f_0002A7BA,function,1,0,1
5,f_0002A7DF,function,1,0,1
5,f_0002A804,function,1,0,1
5,f_0002A829,function,1,3,4
5,f_0002A84E,function,1,0,1
5,f_0002A873,function,1,4,5
5,f_0002A898,function,1,0,1
5,f_0002A8BD,function,1,4,5
5,f_0002A8E2,function,1,0,1
5,f_0002A907,function,1,4,5
5,f_0002A92C,function,1,0,1
5,f_0002A951,function,1,4,5
5,f_0002A976,function,1,0,1
5,f_0002A99B,function,1,5,6
5,f_0002A9C0,function,1,0,1
5,f_0002A9E5,function,1,1,2
5,f_0002AA0A,function,1,0,1
5,f_0002AA2F,function,1,1,2
5,f_0002AA54,function,1,0,1
5,f_0002AA79,function,1,3,4
5,f_0002AA9E,function,1,0,1
5,f_0002AAC3,function,1,3,4
5,f_0002AAE8,function,1,0,1
5,f_0002AB0D,function,1,1,2
5,f_0002AB32,function,1,0,1
5,f_0002AB57,function,1,0,1
5,f_0002AB7C,function,1,0,1
5,f_0002ABA1,function,1,0,1
5,f_0002ABC6,function,1,0,1
5,f_0002ABEB,function,1,1,2
5,f_0002AC10,function,1,0,1
5,f_0002AC35,function,1,1,2
5,f_0002AC5A,function,1,0,1
5,f_0002AC7F,function,1,0,1
5,f_0002ACA4,function,1,0,1
5,f_0002ACC9,function,1,2,3
5,f_0002ACEE,function,1,0,1
5,f_0002AD13,function,1,0,1
5,f_0002AD38,function,1,0,1
5,f_0002AD5D,function,1,1,2
5,f_0002AD82,function,1,0,1
5,f_0002ADA7,function,1,0,1
5,f_0002ADCC,function,1,0,1
5,f_0002ADF1,function,1,0,1
5,f_0002AE16,function,1,0,1
5,f_0002AE3B,function,1,0,1
5,f_0002AE60,function,1,0,1
5,f_0002AE85,function,1,1,2
5,f_0002AEAA,function,1,0,1
5,f_0002AECF,function,1,0,1
5,f_0002AEF4,function,1,0,1
5,f_0002AF19,function,1,1,2
5,f_0002AF3E,function,1,0,1
5,f_0002AF63,function,1,1,2
5,f_0002AF88,function,1,0,1
5,f_0002AFAD,function,1,2,3
5,f_0002AFD2,function,1,0,1
5,f_0002AFF7,function,1,1,2
5,f_0002B01C,function,1,0,1
5,f_0002B041,function,1,2,3
5,f_0002B066,function,1,0,1
5,f_0002B08B,function,1,0,1
5,f_0002B0B0,function,1,0,1
5,f_0002B0D5,function,1,2,3
5,f_0002B0FA,function,1,0,1
5,f_0002B11F,function,1,1,2
5,f_0002B144,function,1,0,1
5,f_0002B169,function,1,2,3
5,f_0002B18E,function,1,0,1
5,f_0002B1B3,function,1,2,3
5,f_0002B1D8,function,1,0,1
5,f_0002B1FD,function,1,0,1
5,f_0002B222,function,1,0,1
5,f_0002B247,function,1,0,1
5,f_0002B26C,function,1,0,1
5,f_0002B291,function,1,2,3
5,f_0002B2B6,function,1,0,1
5,f_0002B2DB,function,1,1,2
5,f_0002B300,function,1,0,1
5,f_0002B325,function,1,0,1
5,f_0002B34A,function,1,0,1
5,f_0002B36F,function,1,1,2
5,f_0002B394,function,1,0,1
5,f_0002B3B9,function,1,0,1
5,f_0002B3DE,function,1,0,1
5,f_0002B403,function,1,1,2
5,f_0002B428,function,1,0,1
5,f_0002B44D,function,1,0,1
5,f_0002B472,function,1,0,1
5,f_0002B497,function,1,0,1
5,f_0002B4BC,function,1,0,1
5,f_0002B4E1,function,1,0,1
5,f_0002B506,function,1,0,1
5,f_0002B52B,function,1,0,1
5,f_0002B550,function,1,0,1
5,f_0002B575,function,1,1,2
5,f_0002B59A,function,1,0,1
5,f_0002B5BF,function,1,0,1
5,f_0002B5E4,function,1,0,1
5,f_0002B609,function,1,0,1
5,f_0002B62E,function,1,0,1
5,f_0002B653,function,1,0,1
5,f_0002B678,function,1,0,1
5,f_0002B69D,function,1,0,1
5,f_0002B6C2,function,1,0,1
5,f_0002B6E7,function,1,0,1
5,f_0002B70C,function,1,0,1
5,f_0002B731,function,1,0,1
5,f_0002B756,function,1,0,1
5,f_0002B77B,function,1,0,1
5,f_0002B7A0,function,1,0,1
5,f_0002B7C5,function,1,1,2
5,f_0002B7EA,function,1,0,1
5,f_0002B80F,function,1,1,2
5,f_0002B834,function,1,0,1
5,f_0002B859,function,1,1,2
5,f_0002B87E,function,1,0,1
5,f_0002B8A3,function,1,0,1
5,f_0002B8C8,function,1,0,1
5,f_0002B8ED,function,1,0,1
5,f_0002B912,function,1,0,1
5,f_0002B937,function,1,0,1
5,f_0002B95C,function,1,0,1
5,f_0002B981,function,1,0,1
5,f_0002B9A6,function,1,0,1
5,f_0002B9CB,function,1,0,1
5,f_0002B9F0,function,1,0,1
5,f_0002BA15,function,1,0,1
5,f_0002BA3A,function,1,0,1
5,f_0002BA5F,function,1,0,1
5,f_0002BA84,function,1,0,1
5,f_0002BAA9,function,1,0,1
5,f_0002BACE,function,1,0,1
5,f_0002BAF3,function,1,0,1
5,f_0002BB18,function,1,0,1
5,f_0002BB3D,function,1,0,1
5,f_0002BB62,function,1,0,1
5,f_0002BB87,function,1,0,1
5,f_0002BBAC,function,1,0,1
5,f_0002BBD1,function,1,0,1
5,f_0002BBF6,function,1,0,1
5,f_0002BC1B,function,1,0,1
5,f_0002BC40,function,1,0,1
5,f_0002BC65,function,1,0,1
5,f_0002BC8A,function,1,0,1
5,f_0002BCAF,function,1,0,1
5,f_0002BCD4,function,1,0,1
5,f_0002BCF9,function,1,0,1
5,f_0002BD1E,function,1,0,1
5,f_0002BD43,function,1,0,1
5,f_0002BD68,function,1,0,1
5,f_0002BD8D,function,1,0,1
5,f_0002BDB2,function,1,0,1
5,f_0002BDD7,function,1,0,1
5,f_0002BDFC,function,1,0,1
5,f_0002BE21,function,1,4,5
5,f_0002BE46,function,1,0,1
5,f_0002BE6B,function,1,6,7
5,f_0002BE90,function,1,0,1
5,f_0002BEB5,function,1,6,7
5,f_0002BEDA,function,1,0,1
5,f_0002BEFF,function,1,4,5
5,f_0002BF24,function,1,0,1
5,f_0002BF49,function,1,6,7
5,f_0002BF6E,function,1,0,1
5,f_0002BF93,function,1,7,8
5,f_0002BFB8,function,1,0,1
5,f_0002BFDD,function,1,0,1
5,f_0002C002,function,1,0,1
5,f_0002C027,function,1,6,7
5,f_0002C04C,function,1,0,1
5,f_0002C071,function,1,3,4
5,f_0002C096,function,1,0,1
5,f_0002C0BB,function,1,1,2
5,f_0002C0E0,function,1,0,1
5,f_0002C105,function,1,1,2
5,f_0002C12A,function,1,0,1
5,f_0002C14F,function,1,1,2
5,f_0002C174,function,1,0,1
5,f_0002C199,function,1,2,3
5,f_0002C1BE,function,1,0,1
5,f_0002C1E3,function,1,2,3
5,f_0002C208,function,1,0,1
5,f_0002C22D,function,1,2,3
5,f_0002C252,function,1,0,1
5,f_0002C277,function,1,2,3
5,f_0002C29C,function,1,0,1
5,f_0002C2C1,function,1,2,3
5,f_0002C2E6,function,1,0,1
5,f_0002C30B,function,1,2,3
5,f_0002C330,function,1,0,1
5,f_0002C355,function,1,0,1
5,f_0002C37A,function,1,0,1
5,f_0002C39F,function,1,2,3
5,f_0002C3C4,function,1,0,1
5,f_0002C3E9,function,1,0,1
5,f_0002C40E,function,1,0,1
5,f_0002C433,function,1,2,3
5,f_0002C458,function,1,0,1
5,f_0002C47D,function,1,0,1
5,f_0002C4A2,function,1,0,1
5,f_0002C4C7,function,1,0,1
5,f_0002C4EC,function,1,0,1
5,f_0002C511,function,1,2,3
5,f_0002C536,function,1,0,1
5,f_0002C55B,function,1,1,2
5,f_0002C580,function,1,0,1
5,f_0002C5A5,function,1,1,2
5,f_0002C5CA,function,1,0,1
5,f_0002C5EF,function,1,2,3
5,f_0002C614,function,1,0,1
5,f_0002C639,function,1,2,3
5,f_0002C65E,function,1,0,1
5,f_0002C683,function,1,2,3
5,f_0002C6A8,function,1,0,1
5,f_0002C6CD,function,1,0,1
5,f_0002C6F2,function,1,0,1
5,f_0002C717,function,1,1,2
5,f_0002C73C,function,1,0,1
5,f_0002C761,function,1,0,1
5,f_0002C786,function,1,0,1
5,f_0002C7AB,function,1,0,1
5,f_0002C7D0,function,1,0,1
5,f_0002C7F5,function,1,0,1
5,f_0002C81A,function,1,0,1
5,f_0002C83F,function,1,0,1
5,f_0002C864,function,1,0,1
5,f_0002C889,function,1,1,2
5,f_0002C8AE,function,1,0,1
5,f_0002C8D3,function,1,1,2
5,f_0002C8F8,function,1,0,1
5,f_0002C91D,function,1,0,1
5,f_0002C942,function,1,0,1
5,f_0002C967,function,1,1,2
5,f_0002C98C,function,1,0,1
5,f_0002C9B1,function,1,1,2
5,f_0002C9D6,function,1,0,1
5,f_0002C9FB,function,1,1,2
5,f_0002CA20,function,1,0,1
5,f_0002CA45,function,1,0,1
5,f_0002CA6A,function,1,0,1
5,f_0002CA8F,function,1,1,2
5,f_0002CAB4,function,1,0,1
5,f_0002CAD9,function,1,0,1
5,f_0002CAFE,function,1,0,1
5,f_0002CB23,function,1,1,2
5,f_0002CB48,function,1,0,1
5,f_0002CB6D,function,1,0,1
5,f_0002CB92,function,1,0,1
5,f_0002CBB7,function,1,0,1
5,f_0002CBDC,function,1,0,1
5,f_0002CC01,function,1,1,2
5,f_0002CC26,function,1,0,1
5,f_0002CC4B,function,1,3,4
5,f_0002CC70,function,1,0,1
5,f_0002CC95,function,1,3,4
5,f_0002CCBA,function,1,0,1
5,f_0002CCDF,function,1,1,2
5,f_0002CD04,function,1,0,1
5,f_0002CD29,function,1,2,3
5,f_0002CD4E,function,1,0,1
5,f_0002CD73,function,1,1,2
5,f_0002CD98,function,1,0,1
5,f_0002CDBD,function,1,1,2
5,f_0002CDE2,function,1,0,1
5,f_0002CE07,function,1,3,4
5,f_0002CE2C,function,1,0,1
5,f_0002CE51,function,1,1,2
5,f_0002CE76,function,1,0,1
5,f_0002CE9B,function,1,0,1
5,f_0002CEC0,function,1,0,1
5,f_0002CEE5,function,1,3,4
5,f_0002CF0A,function,1,0,1
5,f_0002CF2F,function,1,0,1
5,f_0002CF54,function,1,0,1
5,f_0002CF79,function,1,1,2
5,f_0002CF9E,function,1,0,1
5,f_0002CFC3,function,1,1,2
5,f_0002CFE8,function,1,0,1
5,f_0002D00D,function,1,1,2
5,f_0002D032,function,1,0,1
5,f_0002D057,function,1,0,1
5,f_0002D07C,function,1,0,1
5,f_0002D0A1,function,1,1,2
5,f_0002D0C6,function,1,0,1
5,f_0002D0EB,function,1,1,2
5,f_0002D110,function,1,0,1
5,f_0002D135,function,1,0,1
5,f_0002D15A,function,1,0,1
5,f_0002D17F,function,1,1,2
5,f_0002D1A4,function,1,0,1
5,f_0002D1C9,function,1,0,1
5,f_0002D1EE,function,1,0,1
5,f_0002D213,function,1,1,2
5,f_0002D238,function,1,0,1
5,f_0002D25D,function,1,0,1
5,f_0002D282,function,1,0,1
5,f_0002D2A7,function,1,0,1
5,f_0002D2CC,function,1,0,1
5,f_0002D2F1,function,1,0,1
5,f_0002D316,function,1,0,1
5,f_0002D33B,function,1,2,3
5,f_0002D360,function,1,0,1
5,f_0002D385,function,1,0,1
5,f_0002D3AA,function,1,0,1
5,f_0002D3CF,function,1,0,1
5,f_0002D3F4,function,1,0,1
5,f_0002D419,function,1,1,2
5,f_0002D43E,function,1,0,1
5,f_0002D463,function,1,0,1
5,f_0002D488,function,1,0,1
5,f_0002D4AD,function,1,0,1
5,f_0002D4D2,function,1,0,1
5,f_0002D4F7,function,1,0,1
5,f_0002D51C,function,1,0,1
5,f_0002D541,function,1,0,1
5,f_0002D566,function,1,0,1
5,f_0002D58B,function,1,0,1
5,f_0002D5B0,function,1,0,1
5,f_0002D5D5,function,1,0,1
5,f_0002D5FA,function,1,0,1
5,f_0002D61F,function,1,0,1
5,f_0002D644,function,1,0,1
5,f_0002D669,function,1,1,2
5,f_0002D68E,function,1,0,1
5,f_0002D6B3,function,1,1,2
5,f_0002D6D8,function,1,0,1
5,f_0002D6FD,function,1,1,2
5,f_0002D722,function,1,0,1
5,f_0002D747,function,1,1,2
5,f_0002D76C,function,1,0,1
5,f_0002D791,function,1,1,2
5,f_0002D7B6,function,1,0,1
5,f_0002D7DB,function,1,1,2
5,f_0002D800,function,1,0,1
5,f_0002D825,function,1,1,2
5,f_0002D84A,function,1,0,1
5,f_0002D86F,function,1,1,2
5,f_0002D894,function,1,0,1
5,f_0002D8B9,function,1,1,2
5,f_0002D8DE,function,1,0,1
5,f_0002D903,function,1,1,2
5,f_0002D928,function,1,0,1
5,f_0002D94D,function,1,0,1
5,f_0002D972,function,1,0,1
5,f_0002D997,function,1,1,2
5,f_0002D9BC,function,1,0,1
5,f_0002D9E1,function,1,1,2
5,f_0002DA06,function,1,0,1
5,f_0002DA2B,function,1,1,2
5,f_0002DA50,function,1,0,1
5,f_0002DA75,function,1,0,1
5,f_0002DA9A,function,1,0,1
5,f_0002DABF,function,1,1,2
5,f_0002DAE4,function,1,0,1
5,f_0002DB09,function,1,0,1
5,f_0002DB2E,function,1,0,1
5,f_0002DB53,function,1,0,1
5,f_0002DB78,function,1,0,1
5,f_0002DB9D,function,1,0,1
5,f_0002DBC2,function,1,0,1
5,f_0002DBE7,function,1,1,2
5,f_0002DC0C,function,1,0,1
5,f_0002DC31,function,1,1,2
5,f_0002DC56,function,1,0,1
5,f_0002DC7B,function,1,0,1
5,f_0002DCA0,function,1,0,1
5,f_0002DCC5,function,1,0,1
5,f_0002DCEA,function,1,0,1
5,f_0002DD0F,function,1,1,2
5,f_0002DD34,function,1,0,1
5,f_0002DD59,function,1,1,2
5,f_0002DD7E,function,1,0,1
5,f_0002DDA3,function,1,1,2
5,f_0002DDC8,function,1,0,1
5,f_0002DDED,function,1,1,2
5,f_0002DE12,function,1,0,1
5,f_0002DE37,function,1,1,2
5,f_0002DE5C,function,1,0,1
5,f_0002DE81,function,1,1,2
5,f_0002DEA6,function,1,0,1
5,f_0002DECB,function,1,0,1
5,f_0002DEF0,function,1,0,1
5,f_0002DF15,function,1,1,2
5,f_0002DF3A,function,1,0,1
5,f_0002DF5F,function,1,0,1
5,f_0002DF84,function,1,0,1
5,f_0002DFA9,function,1,0,1
5,f_0002DFCE,function,1,0,1
5,f_0002DFF3,function,1,1,2
5,f_0002E018,function,1,0,1
5,f_0002E03D,function,1,1,2
5,f_0002E062,function,1,0,1
5,f_0002E087,function,1,1,2
5,f_0002E0AC,function,1,0,1
5,f_0002E0D1,function,1,1,2
5,f_0002E0F6,function,1,0,1
5,f_0002E11B,function,1,1,2
5,f_0002E140,function,1,0,1
5,f_0002E165,function,1,0,1
5,f_0002E18A,function,1,0,1
5,f_0002E1AF,function,1,1,2
5,f_0002E1D4,function,1,0,1
5,f_0002E1F9,function,1,1,2
5,f_0002E21E,function,1,0,1
5,f_0002E243,function,1,0,1
5,f_0002E268,function,1,0,1
5,f_0002E28D,function,1,0,1
5,f_0002E2B2,function,1,0,1
5,f_0002E2D7,function,1,1,2
5,f_0002E2FC,function,1,0,1
5,f_0002E321,function,1,0,1
5,f_0002E346,function,1,0,1
5,f_0002E36B,function,1,1,2
5,f_0002E390,function,1,0,1
5,f_0002E3B5,function,1,1,2
5,f_0002E3DA,function,1,0,1
5,f_0002E3FF,function,1,1,2
5,f_0002E424,function,1,0,1
5,f_0002E449,function,1,1,2
5,f_0002E46E,function,1,0,1
5,f_0002E493,function,1,1,2
5,f_0002E4B8,function,1,0,1
5,f_0002E4DD,function,1,1,2
5,f_0002E502,function,1,0,1
5,f_0002E527,function,1,1,2
5,f_0002E54C,function,1,0,1
5,f_0002E571,function,1,1,2
5,f_0002E596,function,1,0,1
5,f_0002E5BB,function,1,1,2
5,f_0002E5E0,function,1,0,1
5,f_0002E605,function,1,0,1
5,f_0002E62A,function,1,0,1
5,f_0002E64F,function,1,1,2
5,f_0002E674,function,1,0,1
5,f_0002E699,function,1,1,2
5,f_0002E6BE,function,1,0,1
5,f_0002E6E3,function,1,1,2
5,f_0002E708,function,1,0,1
5,f_0002E72D,function,1,0,1
5,f_0002E752,function,1,0,1
5,f_0002E777,function,1,1,2
5,f_0002E79C,function,1,0,1
5,f_0002E7C1,function,1,0,1
5,f_0002E7E6,function,1,0,1
5,f_0002E80B,function,1,1,2
5,f_0002E830,function,1,0,1
5,f_0002E855,function,1,1,2
5,f_0002E87A,function,1,0,1
5,f_0002E89F,function,1,1,2
5,f_0002E8C4,function,1,0,1
5,f_0002E8E9,function,1,1,2
5,f_0002E90E,function,1,0,1
5,f_0002E933,function,1,1,2
5,f_0002E958,function,1,0,1
5,f_0002E97D,function,1,1,2
5,f_0002E9A2,function,1,0,1
5,f_0002E9C7,function,1,1,2
5,f_0002E9EC,function,1,0,1
5,f_0002EA11,function,1,1,2
5,f_0002EA36,function,1,0,1
5,f_0002EA5B,function,1,1,2
5,f_0002EA80,function,1,0,1
5,f_0002EAA5,function,1,0,1
5,f_0002EACA,function,1,0,1
5,f_0002EAEF,function,1,1,2
5,f_0002EB14,function,1,0,1
5,f_0002EB39,function,1,1,2
5,f_0002EB5E,function,1,0,1
5,f_0002EB83,function,1,1,2
5,f_0002EBA8,function,1,0,1
5,f_0002EBCD,function,1,1,2
5,f_0002EBF2,function,1,0,1
5,f_0002EC17,function,1,1,2
5,f_0002EC3C,function,1,0,1
5,f_0002EC61,function,1,0,1
5,f_0002EC86,function,1,0,1
5,f_0002ECAB,function,1,0,1
5,f_0002ECD0,function,1,0,1
5,f_0002ECF5,function,1,0,1
5,f_0002ED1A,function,1,0,1
5,f_0002ED3F,function,1,0,1
5,f_0002ED64,function,1,0,1
5,f_0002ED89,function,1,1,2
5,f_0002EDAE,function,1,0,1
5,f_0002EDD3,function,1,0,1
5,f_0002EDF8,function,1,1,2
5,f_0002EE1D,function,1,4,5
5,f_0002EE42,function,1,0,1
5,f_0002EE67,function,1,4,5
5,f_0002EE8C,function,1,0,1
5,f_0002EEB1,function,1,5,6
5,f_0002EED6,function,1,0,1
5,f_0002EEFB,function,1,4,5
5,f_0002EF20,function,1,0,1
5,f_0002EF45,function,1,4,5
5,f_0002EF6A,function,1,0,1
5,f_0002EF8F,function,1,3,4
5,f_0002EFB4,function,1,0,1
5,f_0002EFD9,function,1,4,5
5,f_0002EFFE,function,1,0,1
5,f_0002F023,function,1,5,6
5,f_0002F048,function,1,0,1
5,f_0002F06D,function,1,5,6
5,f_0002F092,function,1,0,1
5,f_0002F0B7,function,1,0,1
5,f_0002F0DC,function,1,0,1
5,f_0002F101,function,1,3,4
5,f_0002F126,function,1,0,1
5,f_0002F14B,function,1,5,6
5,f_0002F170,function,1,0,1
5,f_0002F195,function,1,3,4
5,f_0002F1BA,function,1,0,1
5,f_0002F1DF,function,1,3,4
5,f_0002F204,function,1,0,1
5,f_0002F229,function,1,4,5
5,f_0002F24E,function,1,0,1
5,f_0002F273,function,1,4,5
5,f_0002F298,function,1,0,1
5,f_0002F2BD,function,1,1,2
5,f_0002F2E2,function,1,0,1
5,f_0002F307,function,1,0,1
5,f_0002F32C,function,1,0,1
5,f_0002F351,function,1,1,2
5,f_0002F376,function,1,0,1
5,f_0002F39B,function,1,1,2
5,f_0002F3C0,function,1,0,1
5,f_0002F3E5,function,1,2,3
5,f_0002F40A,function,1,0,1
5,f_0002F42F,function,1,2,3
5,f_0002F454,function,1,0,1
5,f_0002F479,function,1,2,3
5,f_0002F49E,function,1,0,1
5,f_0002F4C3,function,1,3,4
5,f_0002F4E8,function,1,0,1
5,f_0002F50D,function,1,3,4
5,f_0002F532,function,1,0,1
5,f_0002F557,function,1,5,6
5,f_0002F57C,function,1,0,1
5,f_0002F5A1,function,1,4,5
5,f_0002F5C6,function,1,0,1
5,f_0002F5EB,function,1,4,5
5,f_0002F610,function,1,0,1
5,f_0002F635,function,1,4,5
5,f_0002F65A,function,1,0,1
5,f_0002F67F,function,1,3,4
5,f_0002F6A4,function,1,0,1
5,f_0002F6C9,function,1,7,8
5,f_0002F6EE,function,1,0,1
5,f_0002F713,function,1,4,5
5,f_0002F738,function,1,0,1
5,f_0002F75D,function,1,1,2
5,f_0002F782,function,1,0,1
5,f_0002F7A7,function,1,4,5
5,f_0002F7CC,function,1,0,1
5,f_0002F7F1,function,1,6,7
5,f_0002F816,function,1,0,1
5,f_0002F83B,function,1,2,3
5,f_0002F860,function,1,0,1
5,f_0002F885,function,1,1,2
5,f_0002F8AA,function,1,0,1
5,f_0002F8CF,function,1,3,4
5,f_0002F8F4,function,1,0,1
5,f_0002F919,function,1,1,2
5,f_0002F93E,function,1,0,1
5,f_0002F963,function,1,1,2
5,f_0002F988,function,1,0,1
5,f_0002F9AD,function,1,2,3
5,f_0002F9D2,function,1,0,1
5,f_0002F9F7,function,1,0,1
5,f_0002FA1C,function,1,0,1
5,f_0002FA41,function,1,1,2
5,f_0002FA66,function,1,0,1
5,f_0002FA8B,function,1,4,5
5,f_0002FAB0,function,1,0,1
5,f_0002FAD5,function,1,0,1
5,f_0002FAFA,function,1,0,1
5,f_0002FB1F,function,1,0,1
5,f_0002FB44,function,1,0,1
5,f_0002FB69,function,1,0,1
5,f_0002FB8E,function,1,0,1
5,f_0002FBB3,function,1,0,1
5,f_0002FBD8,function,1,0,1
5,f_0002FBFD,function,1,0,1
5,f_0002FC22,function,1,0,1
5,f_0002FC47,function,1,1,2
5,f_0002FC6C,function,1,0,1
5,f_0002FC91,function,1,1,2
5,f_0002FCB6,function,1,0,1
5,f_0002FCDB,function,1,0,1
5,f_0002FD00,function,1,0,1
5,f_0002FD25,function,1,0,1
5,f_0002FD4A,function,1,0,1
5,f_0002FD6F,function,1,1,2
5,f_0002FD94,function,1,0,1
5,f_0002FDB9,function,1,0,1
5,f_0002FDDE,function,1,0,1
5,f_0002FE03,function,1,1,2
5,f_0002FE28,function,1,0,1
5,f_0002FE4D,function,1,1,2
5,f_0002FE72,function,1,0,1
5,f_0002FE97,function,1,0,1
5,f_0002FEBC,function,1,0,1
5,f_0002FEE1,function,1,0,1
5,f_0002FF06,function,1,0,1
5,f_0002FF2B,function,1,0,1
5,f_0002FF50,function,1,0,1
5,f_0002FF75,function,1,0,1
5,f_0002FF9A,function,1,0,1
5,f_0002FFBF,function,1,0,1
5,f_0002FFE4,function,1,0,1
5,f_00030009,function,1,0,1
5,f_0003002E,function,1,0,1
5,f_00030053,function,1,0,1
5,f_00030078,function,1,0,1
5,f_0003009D,function,1,0,1
5,f_000300C2,function,1,0,1
5,f_000300E7,function,1,0,1
5,f_0003010C,function,1,0,1
5,f_00030131,function,1,1,2
5,f_00030156,function,1,0,1
5,f_0003017B,function,1,0,1
5,f_000301A0,function,1,0,1
5,f_000301C5,function,1,0,1
5,f_000301EA,function,1,0,1
5,f_0003020F,function,1,0,1
5,f_00030234,function,1,0,1
5,f_00030259,function,1,0,1
5,f_0003027E,function,1,0,1
5,f_000302A3,function,1,0,1
5,f_000302C8,function,1,0,1
5,f_000302ED,function,1,1,2
5,f_00030312,function,1,0,1
5,f_00030337,function,1,0,1
5,f_0003035C,function,1,0,1
5,f_00030381,function,1,0,1
5,f_000303A6,function,1,0,1
5,f_000303CB,function,1,0,1
5,f_000303F0,function,1,0,1
5,f_00030415,function,1,0,1
5,f_0003043A,function,1,0,1
5,f_0003045F,function,1,0,1
5,f_00030484,function,1,0,1
5,f_000304A9,function,1,0,1
5,f_000304CE,function,1,0,1
5,f_000304F3,function,1,0,1
5,f_00030518,function,1,0,1
5,f_0003053D,function,1,0,1
5,f_00030562,function,1,0,1
5,f_00030587,function,1,0,1
5,f_000305AC,function,1,0,1
5,f_000305D1,function,1,0,1
5,f_000305F6,function,1,0,1
5,f_0003061B,function,1,0,1
5,f_00030640,function,1,0,1
5,f_00030665,function,1,0,1
5,f_0003068A,function,1,0,1
5,f_000306AF,function,1,0,1
5,f_000306D4,function,1,0,1
5,f_000306F9,function,1,0,1
5,f_0003071E,function,1,0,1
5,f_00030743,function,1,0,1
5,f_00030768,function,1,0,1
5,f_0003078D,function,1,0,1
5,f_000307B2,function,1,0,1
5,f_000307D7,function,1,0,1
5,f_000307FC,function,1,0,1
5,f_00030821,function,1,0,1
5,f_00030846,function,1,0,1
5,f_0003086B,function,1,0,1
5,f_00030890,function,1,0,1
5,f_000308B5,function,1,4,5
5,f_000308DA,function,1,0,1
5,f_000308FF,function,1,6,7
5,f_00030924,function,1,0,1
5,f_00030949,function,1,5,6
5,f_0003096E,function,1,0,1
5,f_00030993,function,1,3,4
5,f_000309B8,function,1,0,1
5,f_000309DD,function,1,3,4
5,f_00030A02,function,1,0,1
5,f_00030A27,function,1,2,3
5,f_00030A4C,function,1,0,1
5,f_00030A71,function,1,5,6
5,f_00030A96,function,1,0,1
5,f_00030ABB,function,1,3,4
5,f_00030AE0,function,1,0,1
5,f_00030B05,function,1,2,3
5,f_00030B2A,function,1,0,1
5,f_00030B4F,function,1,2,3
5,f_00030B74,function,1,0,1
5,f_00030B99,function,1,2,3
5,f_00030BBE,function,1,0,1
5,f_00030BE3,function,1,2,3
5,f_00030C08,function,1,0,1
5,f_00030C2D,function,1,1,2
5,f_00030C52,function,1,0,1
5,f_00030C77,function,1,2,3
5,f_00030C9C,function,1,0,1
5,f_00030CC1,function,1,1,2
5,f_00030CE6,function,1,0,1
5,f_00030D0B,function,1,3,4
5,f_00030D30,function,1,0,1
5,f_00030D55,function,1,2,3
5,f_00030D7A,function,1,0,1
5,f_00030D9F,function,1,0,1
5,f_00030DC4,function,1,0,1
5,f_00030DE9,function,1,3,4
5,f_00030E0E,function,1,0,1
5,f_00030E33,function,1,2,3
5,f_00030E58,function,1,0,1
5,f_00030E7D,function,1,5,6
5,f_00030EA2,function,1,0,1
5,f_00030EC7,function,1,7,8
5,f_00030EEC,function,1,0,1
5,f_00030F11,function,1,2,3
5,f_00030F36,function,1,0,1
5,f_00030F5B,function,1,6,7
5,f_00030F80,function,1,0,1
5,f_00030FA5,function,1,2,3
5,f_00030FCA,function,1,0,1
5,f_00030FEF,function,1,3,4
5,f_00031014,function,1,0,1
5,f_00031039,function,1,5,6
5,f_0003105E,function,1,0,1
5,f_00031083,function,1,2,3
5,f_000310A8,function,1,0,1
5,f_000310CD,function,1,3,4
5,f_000310F2,function,1,0,1
5,f_00031117,function,1,3,4
5,f_0003113C,function,1,0,1
5,f_00031161,function,1,4,5
5,f_00031186,function,1,0,1
5,f_000311AB,function,1,0,1
5,f_000311D0,function,1,0,1
5,f_000311F5,function,1,0,1
5,f_0003121A,function,1,0,1
5,f_0003123F,function,1,2,3
5,f_00031264,function,1,0,1
5,f_00031289,function,1,3,4
5,f_000312AE,function,1,0,1
5,f_000312D3,function,1,1,2
5,f_000312F8,function,1,0,1
5,f_0003131D,function,1,1,2
5,f_00031342,function,1,0,1
5,f_00031367,function,1,1,2
5,f_0003138C,function,1,0,1
5,f_000313B1,function,1,0,1
5,f_000313D6,function,1,0,1
5,f_000313FB,function,1,1,2
5,f_00031420,function,1,0,1
5,f_00031445,function,1,1,2
5,f_0003146A,function,1,0,1
5,f_0003148F,function,1,1,2
5,f_000314B4,function,1,0,1
5,f_000314D9,function,1,1,2
5,f_000314FE,function,1,0,1
5,f_00031523,function,1,0,1
5,f_00031548,function,1,0,1
5,f_0003156D,function,1,1,2
5,f_00031592,function,1,0,1
5,f_000315B7,function,1,0,1
5,f_000315DC,function,1,0,1
5,f_00031601,function,1,0,1
5,f_00031626,function,1,0,1
5,f_0003164B,function,1,1,2
5,f_00031670,function,1,0,1
5,f_00031695,function,1,0,1
5,f_000316BA,function,1,0,1
5,f_000316DF,function,1,1,2
5,f_00031704,function,1,0,1
5,f_00031729,function,1,0,1
5,f_0003174E,function,1,0,1
5,f_00031773,function,1,0,1
5,f_00031798,function,1,0,1
5,f_000317BD,function,1,0,1
5,f_000317E2,function,1,0,1
5,f_00031807,function,1,0,1
5,f_0003182C,function,1,0,1
5,f_00031851,function,1,0,1
5,f_00031876,function,1,0,1
5,f_0003189B,function,1,0,1
5,f_000318C0,function,1,0,1
5,f_000318E5,function,1,0,1
5,f_0003190A,function,1,0,1
5,f_0003192F,function,1,0,1
5,f_00031954,function,1,0,1
5,f_00031979,function,1,1,2
5,f_0003199E,function,1,0,1
5,f_000319C3,function,1,1,2
5,f_000319E8,function,1,0,1
5,f_00031A0D,function,1,0,1
5,f_00031A32,function,1,0,1
5,f_00031A57,function,1,0,1
5,f_00031A7C,function,1,0,1
5,f_00031AA1,function,1,0,1
5,f_00031AC6,function,1,0,1
5,f_00031AEB,function,1,0,1
5,f_00031B10,function,1,0,1
5,f_00031B35,function,1,0,1
5,f_00031B5A,function,1,0,1
5,f_00031B7F,function,1,0,1
5,f_00031BA4,function,1,0,1
5,f_00031BC9,function,1,0,1
5,f_00031BEE,function,1,0,1
5,f_00031C13,function,1,0,1
5,f_00031C38,function,1,0,1
5,f_00031C5D,function,1,0,1
5,f_00031C82,function,1,0,1
5,f_00031CA7,function,1,0,1
5,f_00031CCC,function,1,0,1
5,f_00031CF1,function,1,0,1
5,f_00031D16,function,1,0,1
5,f_00031D3B,function,1,0,1
5,f_00031D60,function,1,0,1
5,f_00031D85,function,1,0,1
5,f_00031DAA,function,1,0,1
5,f_00031DCF,function,1,0,1
5,f_00031DF4,function,1,0,1
5,f_00031E19,function,1,0,1
5,f_00031E3E,function,1,0,1
5,f_00031E63,function,1,0,1
5,f_00031E88,function,1,1,2
5,f_00031EAD,function,1,7,8
5,f_00031ED2,function,1,0,1
5,f_00031EF7,function,1,5,6
5,f_00031F1C,function,1,0,1
5,f_00031F41,function,1,7,8
5,f_00031F66,function,1,0,1
5,f_00031F8B,function,1,7,8
5,f_00031FB0,function,1,0,1
5,f_00031FD5,function,1,7,8
5,f_00031FFA,function,1,0,1
5,f_0003201F,function,1,6,7
5,f_00032044,function,1,0,1
5,f_00032069,function,1,4,5
5,f_0003208E,function,1,0,1
5,f_000320B3,function,1,7,8
5,f_000320D8,function,1,0,1
5,f_000320FD,function,1,2,3
5,f_00032122,function,1,0,1
5,f_00032147,function,1,1,2
5,f_0003216C,function,1,0,1
5,f_00032191,function,1,3,4
5,f_000321B6,function,1,0,1
5,f_000321DB,function,1,5,6
5,f_00032200,function,1,0,1
5,f_00032225,function,1,0,1
5,f_0003224A,function,1,0,1
5,f_0003226F,function,1,5,6
5,f_00032294,function,1,0,1
5,f_000322B9,function,1,1,2
5,f_000322DE,function,1,0,1
5,f_00032303,function,1,1,2
5,f_00032328,function,1,0,1
5,f_0003234D,function,1,3,4
5,f_00032372,function,1,0,1
5,f_00032397,function,1,3,4
5,f_000323BC,function,1,0,1
5,f_000323E1,function,1,2,3
5,f_00032406,function,1,0,1
5,f_0003242B,function,1,2,3
5,f_00032450,function,1,0,1
5,f_00032475,function,1,2,3
5,f_0003249A,function,1,0,1
5,f_000324BF,function,1,2,3
5,f_000324E4,function,1,0,1
5,f_00032509,function,1,3,4
5,f_0003252E,function,1,0,1
5,f_00032553,function,1,2,3
5,f_00032578,function,1,0,1
5,f_0003259D,function,1,2,3
5,f_000325C2,function,1,0,1
5,f_000325E7,function,1,2,3
5,f_0003260C,function,1,0,1
5,f_00032631,function,1,2,3
5,f_00032656,function,1,0,1
5,f_0003267B,function,1,1,2
5,f_000326A0,function,1,0,1
5,f_000326C5,function,1,2,3
5,f_000326EA,function,1,0,1
5,f_0003270F,function,1,0,1
5,f_00032734,function,1,0,1
5,f_00032759,function,1,0,1
5,f_0003277E,function,1,0,1
5,f_000327A3,function,1,2,3
5,f_000327C8,function,1,0,1
5,f_000327ED,function,1,0,1
5,f_00032812,function,1,0,1
5,f_00032837,function,1,0,1
5,f_0003285C,function,1,0,1
5,f_00032881,function,1,1,2
5,f_000328A6,function,1,0,1
5,f_000328CB,function,1,2,3
5,f_000328F0,function,1,0,1
5,f_00032915,function,1,7,8
5,f_0003293A,function,1,0,1
5,f_0003295F,function,1,3,4
5,f_00032984,function,1,0,1
5,f_000329A9,function,1,5,6
5,f_000329CE,function,1,0,1
5,f_000329F3,function,1,6,7
5,f_00032A18,function,1,0,1
5,f_00032A3D,function,1,6,7
5,f_00032A62,function,1,0,1
5,f_00032A87,function,1,2,3
5,f_00032AAC,function,1,0,1
5,f_00032AD1,function,1,0,1
5,f_00032AF6,function,1,0,1
5,f_00032B1B,function,1,5,6
5,f_00032B40,function,1,0,1
5,f_00032B65,function,1,0,1
5,f_00032B8A,function,1,0,1
5,f_00032BAF,function,1,3,4
5,f_00032BD4,function,1,0,1
5,f_00032BF9,function,1,1,2
5,f_00032C1E,function,1,0,1
5,f_00032C43,function,1,0,1
5,f_00032C68,function,1,0,1
5,f_00032C8D,function,1,0,1
5,f_00032CB2,function,1,0,1
5,f_00032CD7,function,1,0,1
5,f_00032CFC,function,1,0,1
5,f_00032D21,function,1,0,1
5,f_00032D46,function,1,0,1
5,f_00032D6B,function,1,0,1
5,f_00032D90,function,1,0,1
5,f_00032DB5,function,1,0,1
5,f_00032DDA,function,1,0,1
5,f_00032DFF,function,1,0,1
5,f_00032E24,function,1,0,1
5,f_00032E49,function,1,2,3
5,f_00032E6E,function,1,0,1
5,f_00032E93,function,1,2,3
5,f_00032EB8,function,1,0,1
5,f_00032EDD,function,1,2,3
5,f_00032F02,function,1,0,1
5,f_00032F27,function,1,1,2
5,f_00032F4C,function,1,0,1
5,f_00032F71,function,1,2,3
5,f_00032F96,function,1,0,1
5,f_00032FBB,function,1,2,3
5,f_00032FE0,function,1,0,1
5,f_00033005,function,1,2,3
5,f_0003302A,function,1,0,1
5,f_0003304F,function,1,0,1
5,f_00033074,function,1,0,1
5,f_00033099,function,1,2,3
5,f_000330BE,function,1,0,1
5,f_000330E3,function,1,0,1
5,f_00033108,function,1,0,1
5,f_0003312D,function,1,1,2
5,f_00033152,function,1,0,1
5,f_00033177,function,1,0,1
5,f_0003319C,function,1,0,1
5,f_000331C1,function,1,1,2
5,f_000331E6,function,1,0,1
5,f_0003320B,function,1,0,1
5,f_00033230,function,1,0,1
5,f_00033255,function,1,0,1
5,f_0003327A,function,1,0,1
5,f_0003329F,function,1,1,2
5,f_000332C4,function,1,0,1
5,f_000332E9,function,1,1,2
5,f_0003330E,function,1,0,1
5,f_00033333,function,1,0,1
5,f_00033358,function,1,0,1
5,f_0003337D,function,1,0,1
5,f_000333A2,function,1,0,1
5,f_000333C7,function,1,0,1
5,f_000333EC,function,1,0,1
5,f_00033411,function,1,4,5
5,f_00033436,function,1,0,1
5,f_0003345B,function,1,3,4
5,f_00033480,function,1,0,1
5,f_000334A5,function,1,4,5
5,f_000334CA,function,1,0,1
5,f_000334EF,function,1,4,5
5,f_00033514,function,1,0,1
5,f_00033539,function,1,4,5
5,f_0003355E,function,1,0,1
5,f_00033583,function,1,3,4
5,f_000335A8,function,1,0,1
5,f_000335CD,function,1,0,1
5,f_000335F2,function,1,0,1
5,f_00033617,function,1,3,4
5,f_0003363C,function,1,0,1
5,f_00033661,function,1,3,4
5,f_00033686,function,1,0,1
5,f_000336AB,function,1,0,1
5,f_000336D0,function,1,0,1
5,f_000336F5,function,1,1,2
5,f_0003371A,function,1,0,1
5,f_0003373F,function,1,3,4
5,f_00033764,function,1,0,1
5,f_00033789,function,1,0,1
5,f_000337AE,function,1,0,1
5,f_000337D3,function,1,1,2
5,f_000337F8,function,1,0,1
5,f_0003381D,function,1,0,1
5,f_00033842,function,1,0,1
5,f_00033867,function,1,0,1
5,f_0003388C,function,1,0,1
5,f_000338B1,function,1,0,1
5,f_000338D6,function,1,0,1
5,f_000338FB,function,1,3,4
5,f_00033920,function,1,0,1
5,f_00033945,function,1,2,3
5,f_0003396A,function,1,0,1
5,f_0003398F,function,1,3,4
5,f_000339B4,function,1,0,1
5,f_000339D9,function,1,3,4
5,f_000339FE,function,1,0,1
5,f_00033A23,function,1,4,5
5,f_00033A48,function,1,0,1
5,f_00033A6D,function,1,3,4
5,f_00033A92,function,1,0,1
5,f_00033AB7,function,1,3,4
5,f_00033ADC,function,1,0,1
5,f_00033B01,function,1,3,4
5,f_00033B26,function,1,0,1
5,f_00033B4B,function,1,0,1
5,f_00033B70,function,1,0,1
5,f_00033B95,function,1,0,1
5,f_00033BBA,function,1,0,1
5,f_00033BDF,function,1,1,2
5,f_00033C04,function,1,0,1
5,f_00033C29,function,1,2,3
5,f_00033C4E,function,1,0,1
5,f_00033C73,function,1,3,4
5,f_00033C98,function,1,0,1
5,f_00033CBD,function,1,2,3
5,f_00033CE2,function,1,0,1
5,f_00033D07,function,1,3,4
5,f_00033D2C,function,1,0,1
5,f_00033D51,function,1,3,4
5,f_00033D76,function,1,0,1
5,f_00033D9B,function,1,2,3
5,f_00033DC0,function,1,0,1
5,f_00033DE5,function,1,0,1
5,f_00033E0A,function,1,0,1
5,f_00033E2F,function,1,2,3
5,f_00033E54,function,1,0,1
5,f_00033E79,function,1,1,2
5,f_00033E9E,function,1,0,1
5,f_00033EC3,function,1,0,1
5,f_00033EE8,function,1,0,1
5,f_00033F0D,function,1,2,3
5,f_00033F32,function,1,0,1
5,f_00033F57,function,1,0,1
5,f_00033F7C,function,1,0,1
5,f_00033FA1,function,1,2,3
5,f_00033FC6,function,1,0,1
5,f_00033FEB,function,1,0,1
5,f_00034010,function,1,0,1
5,f_00034035,function,1,2,3
5,f_0003405A,function,1,0,1
5,f_0003407F,function,1,1,2
5,f_000340A4,function,1,0,1
5,f_000340C9,function,1,1,2
5,f_000340EE,function,1,0,1
5,f_00034113,function,1,0,1
5,f_00034138,function,1,1,2
5,f_0003415D,function,1,5,6
5,f_00034182,function,1,0,1
5,f_000341A7,function,1,6,7
5,f_000341CC,function,1,0,1
5,f_000341F1,function,1,6,7
5,f_00034216,function,1,0,1
5,f_0003423B,function,1,6,7
5,f_00034260,function,1,0,1
5,f_00034285,function,1,6,7
5,f_000342AA,function,1,0,1
5,f_000342CF,function,1,1,2
5,f_000342F4,function,1,0,1
5,f_00034319,function,1,3,4
5,f_0003433E,function,1,0,1
5,f_00034363,function,1,6,7
5,f_00034388,function,1,0,1
5,f_000343AD,function,1,1,2
5,f_000343D2,function,1,0,1
5,f_000343F7,function,1,2,3
5,f_0003441C,function,1,0,1
5,f_00034441,function,1,5,6
5,f_00034466,function,1,0,1
5,f_0003448B,function,1,4,5
5,f_000344B0,function,1,0,1
5,f_000344D5,function,1,1,2
5,f_000344FA,function,1,0,1
5,f_0003451F,function,1,0,1
5,f_00034544,function,1,0,1
5,f_00034569,function,1,0,1
5,f_0003458E,function,1,0,1
5,f_000345B3,function,1,3,4
5,f_000345D8,function,1,0,1
5,f_000345FD,function,1,3,4
5,f_00034622,function,1,0,1
5,f_00034647,function,1,2,3
5,f_0003466C,function,1,0,1
5,f_00034691,function,1,1,2
5,f_000346B6,function,1,0,1
5,f_000346DB,function,1,3,4
5,f_00034700,function,1,0,1
5,f_00034725,function,1,0,1
5,f_0003474A,function,1,0,1
5,f_0003476F,function,1,0,1
5,f_00034794,function,1,0,1
5,f_000347B9,function,1,6,7
5,f_000347DE,function,1,1,2
5,f_00034803,function,1,5,6
5,f_00034828,function,1,0,1
5,f_0003484D,function,1,6,7
5,f_00034872,function,1,1,2
5,f_00034897,function,1,6,7
5,f_000348BC,function,1,0,1
5,f_000348E1,function,1,6,7
5,f_00034906,function,1,0,1
5,f_0003492B,function,1,4,5
5,f_00034950,function,1,0,1
5,f_00034975,function,1,2,3
5,f_0003499A,function,1,0,1
5,f_000349BF,function,1,6,7
5,f_000349E4,function,1,0,1
5,f_00034A09,function,1,3,4
5,f_00034A2E,function,1,1,2
5,f_00034A53,function,1,4,5
5,f_00034A78,function,1,0,1
5,f_00034A9D,function,1,1,2
5,f_00034AC2,function,1,0,1
5,f_00034AE7,function,1,1,2
5,f_00034B0C,function,1,0,1
5,f_00034B31,function,1,1,2
5,f_00034B56,function,1,0,1
5,f_00034B7B,function,1,0,1
5,f_00034BA0,function,1,0,1
5,f_00034BC5,function,1,5,6
5,f_00034BEA,function,1,0,1
5,f_00034C0F,function,1,0,1
5,f_00034C34,function,1,0,1
5,f_00034C59,function,1,2,3
5,f_00034C7E,function,1,0,1
5,f_00034CA3,function,1,0,1
5,f_00034CC8,function,1,0,1
5,f_00034CED,function,1,1,2
5,f_00034D12,function,1,0,1
5,f_00034D37,function,1,0,1
5,f_00034D5C,function,1,6,7
5,f_00034D81,function,1,5,6
5,f_00034DA6,function,1,4,5
5,f_00034DCB,function,1,5,6
5,f_00034DF0,function,1,4,5
5,f_00034E15,function,1,5,6
5,f_00034E3A,function,1,5,6
5,f_00034E5F,function,1,6,7
5,f_00034E84,function,1,4,5
5,f_00034EA9,function,1,4,5
5,f_00034ECE,function,1,3,4
5,f_00034EF3,function,1,1,2
5,f_00034F18,function,1,4,5
5,f_00034F3D,function,1,6,7
5,f_00034F62,function,1,4,5
5,f_00034F87,function,1,1,2
5,f_00034FAC,function,1,3,4
5,f_00034FD1,function,1,2,3
5,f_00034FF6,function,1,3,4
5,f_0003501B,function,1,2,3
5,f_00035040,function,1,1,2
5,f_00035065,function,1,1,2
5,f_0003508A,function,1,1,2
5,f_000350AF,function,1,1,2
5,f_000350D4,function,1,0,1
5,f_000350F9,function,1,1,2
5,f_0003511E,function,1,1,2
5,f_00035143,function,1,0,1
5,f_00035168,function,1,0,1
5,f_0003518D,function,1,1,2
5,f_000351B2,function,1,1,2
5,f_000351D7,function,1,1,2
5,f_000351FC,function,1,3,4
5,f_00035221,function,1,4,5
5,f_00035246,function,1,3,4
5,f_0003526B,function,1,2,3
5,f_00035290,function,1,3,4
5,f_000352B5,function,1,2,3
5,f_000352DA,function,1,2,3
5,f_000352FF,function,1,3,4
5,f_00035324,function,1,1,2
5,f_00035349,function,1,1,2
5,f_0003536E,function,1,2,3
5,f_00035393,function,1,0,1
5,f_000353B8,function,1,3,4
5,f_000353DD,function,1,0,1
5,f_00035402,function,1,1,2
5,f_00035427,function,1,1,2
5,f_0003544C,function,1,1,2
5,f_00035471,function,1,0,1
5,f_00035496,function,1,2,3
5,f_000354BB,function,1,0,1
5,f_000354E0,function,1,0,1
5,f_00035505,function,1,0,1
5,f_0003552A,function,1,0,1
5,f_0003554F,function,1,0,1
5,f_00035574,function,1,1,2
5,f_00035599,function,1,0,1
5,f_000355BE,function,1,1,2
5,f_000355E3,function,1,0,1
5,f_00035608,function,1,0,1
5,f_0003562D,function,1,0,1
5,f_00035652,function,1,0,1
5,f_00035677,function,1,1,2
5,f_0003569C,function,1,0,1
5,f_000356C1,function,1,0,1
5,f_000356E6,function,1,1,2
5,f_0003570B,function,1,1,2
5,f_00035730,function,1,1,2
5,f_00035755,function,1,1,2
5,f_0003577A,function,1,1,2
5,f_0003579F,function,1,1,2
5,f_000357C4,function,1,1,2
5,f_000357E9,function,1,1,2
5,f_0003580E,function,1,1,2
5,f_00035833,function,1,1,2
5,f_00035858,function,1,1,2
5,f_0003587D,function,1,1,2
5,f_000358A2,function,1,1,2
5,f_000358C7,function,1,1,2
5,f_000358EC,function,1,1,2
5,f_00035911,function,1,1,2
5,f_00035936,function,1,0,1
5,f_0003595B,function,1,0,1
5,f_00035980,function,1,0,1
5,f_000359A5,function,1,0,1
5,f_000359CA,function,1,0,1
5,f_000359EF,function,1,0,1
5,f_00035A14,function,1,0,1
5,f_00035A39,function,1,0,1
5,f_00035A5E,function,1,0,1
5,f_00035A83,function,1,0,1
5,f_00035AA8,function,1,0,1
5,f_00035ACD,function,1,0,1
5,f_00035AF2,function,1,0,1
5,f_00035B17,function,1,0,1
5,f_00035B3C,function,1,0,1
5,f_00035B61,function,1,0,1
5,f_00035B86,function,1,1,2
5,f_00035BAB,function,1,1,2
5,f_00035BD0,function,1,1,2
5,f_00035BF5,function,1,1,2
5,f_00035C1A,function,1,1,2
5,f_00035C3F,function,1,1,2
5,f_00035C64,function,1,1,2
5,f_00035C89,function,1,0,1
5,f_00035CAE,function,1,1,2
5,f_00035CD3,function,1,0,1
5,f_00035CF8,function,1,1,2
5,f_00035D1D,function,1,0,1
5,f_00035D42,function,1,1,2
5,f_00035D67,function,1,1,2
5,f_00035D8C,function,1,1,2
5,f_00035DB1,function,1,0,1
5,f_00035DD6,function,1,0,1
5,f_00035DFB,function,1,0,1
5,f_00035E20,function,1,1,2
5,f_00035E45,function,1,1,2
5,f_00035E6A,function,1,1,2
5,f_00035E8F,function,1,0,1
5,f_00035EB4,function,1,1,2
5,f_00035ED9,function,1,0,1
5,f_00035EFE,function,1,1,2
5,f_00035F23,function,1,0,1
5,f_00035F48,function,1,1,2
5,f_00035F6D,function,1,1,2
5,f_00035F92,function,1,0,1
5,f_00035FB7,function,1,1,2
5,f_00035FDC,function,1,1,2
5,f_00036001,function,1,1,2
5,f_00036026,function,1,1,2
5,f_0003604B,function,1,1,2
5,f_00036070,function,1,1,2
5,f_00036095,function,1,1,2
5,f_000360BA,function,1,1,2
5,f_000360DF,function,1,1,2
5,f_00036104,function,1,0,1
5,f_00036129,function,1,1,2
5,f_0003614E,function,1,0,1
5,f_00036173,function,1,1,2
5,f_00036198,function,1,0,1
5,f_000361BD,function,1,0,1
5,f_000361E2,function,1,0,1
5,f_00036207,function,1,1,2
5,f_0003622C,function,1,0,1
5,f_00036251,function,1,1,2
5,f_00036276,function,1,0,1
5,f_0003629B,function,1,1,2
5,f_000362C0,function,1,0,1
5,f_000362E5,function,1,1,2
5,f_0003630A,function,1,0,1
5,f_0003632F,function,1,0,1
5,f_00036354,function,1,0,1
5,f_00036379,function,1,1,2
5,f_0003639E,function,1,0,1
5,f_000363C3,function,1,1,2
5,f_000363E8,function,1,0,1
5,f_0003640D,function,1,1,2
5,f_00036432,function,1,0,1
5,f_00036457,function,1,0,1
5,f_0003647C,function,1,0,1
5,f_000364A1,function,1,0,1
5,f_000364C6,function,1,1,2
5,f_000373A5,function,3,81,84
5,f_00037E76,function,5,1,6
5,f_0003DDCB,function,9,1,10
5,f_0004DE8C,function,10,1,11
5,f_00051038,function,2,1,3
5,f_000518C0,function,2,1,3
5,f_00055946,function,3,30,33
5,f_00060433,function,1,17,18
5,f_00060462,function,3,13,16
5,f_0006C5A4,function,2,10,12
5,f_0006C71E,function,16,0,16
5,f_0006C8E9,function,15,3,18
5,f_000791B4,function,4,2,6
5,f_00081CDD,function,3,1,4
5,f_000884BD,function,11,2,13
5,f_000885F9,function,8,1,9
5,f_0008885A,function,7,1,8
5,f_00088A68,function,10,1,11
5,f_00088B34,function,7,1,8
5,f_00088C9F,function,4,2,6
5,f_0008AC48,function,4,1,5
5,f_0008B6FC,function,4,1,5
5,f_00094FF9,function,9,1,10
6,f_000009C0,function,1,4,5
6,f_000160E3,function,8,6,14
6,f_00016A12,function,8,3,11
6,f_00049253,function,15,1,16
6,f_00049769,function,3,1,4
6,f_00049A38,function,5,5,10
6,f_0004B23C,function,7,1,8
6,f_0004C99A,function,5,1,6
6,f_0005094D,function,11,0,11
6,f_00050A57,function,10,2,12
6,f_00050EDB,function,10,12,22
6,f_00051802,function,8,1,9
6,f_0005678F,function,13,1,14
6,f_00056DBE,function,5,0,5
6,f_00056FC8,function,10,0,10
6,f_00060456,function,1,0,1
6,f_0006A938,function,3,1,4
6,f_0006D041,function,2,3,5
6,f_00071272,function,8,1,9
6,f_000740A6,function,8,1,9
6,f_00075195,function,15,1,16
6,f_0008A1DD,function,4,2,6
6,f_0008A465,function,16,1,17
6,f_0008B088,function,12,1,13
6,f_00094B59,function,14,2,16
6,f_0009C995,function,4,0,4
6,f_0009C9F9,function,4,0,4
6,f_0009CA5D,function,4,0,4
6,f_0009CAC2,function,9,2,11
6,f_0009CF59,function,6,0,6
6,f_0009D048,function,4,0,4
6,f_0009D0B8,function,6,0,6
6,f_0009D1F2,function,4,0,4
6,f_0009D283,function,6,9,15
6,f_0009D302,function,3,0,3
6,f_0009D33D,function,5,0,5
6,f_0009D393,function,9,0,9
6,f_0009D537,function,9,0,9
6,f_0009D68A,function,15,2,17
6,f_0009D921,function,15,1,16
6,f_0009DBB8,function,16,1,17
6,f_0009DE55,function,15,1,16
6,f_0009E0EC,function,15,1,16
6,f_0009E383,function,15,1,16
6,f_0009E61A,function,15,1,16
6,f_0009E8B1,function,15,1,16
6,f_0009EB48,function,15,0,15
6,f_0009EDDF,function,15,1,16
6,f_0009F076,function,15,1,16
6,f_0009F30D,function,15,1,16
6,f_0009F5A4,function,15,1,16
6,f_0009F83B,function,15,1,16
6,f_0009FAD2,function,15,1,16
6,f_0009FD69,function,15,1,16
6,f_000A0000,function,16,1,17
6,f_000A0930,function,16,1,17
6,f_000A0D8D,function,11,0,11
6,f_000A10C6,function,12,0,12
6,f_00037F11,cycle,2,14,16
6,f_0004A5DE,cycle,2,46,48
6,f_0004A608,cycle,13,13,26
7,f_00016E4F,function,3,22,25
7,f_00016F51,function,1,2,3
7,f_000490C5,function,15,1,16
7,f_0005074C,function,13,85,98
7,f_00050859,function,11,68,79
7,f_00051420,function,11,1019,1030
7,f_000526A3,function,9,15,24
7,f_000533B7,function,6,1,7
7,f_00053A2D,function,6,1,7
7,f_00055B51,function,5,2,7
7,f_00068C85,function,9,6,15
7,f_000744EB,function,22,10,32
7,f_00074DA5,function,19,1,20
7,f_000822AD,function,2,9,11
7,f_000947A5,function,5,1,6
7,f_0009811D,function,10,1,11
7,f_00098408,function,13,1,14
7,f_00098960,function,9,1,10
7,f_00098E74,function,12,1,13
7,f_000993E3,function,10,1,11
7,f_000998DA,function,13,1,14
7,f_00099DFF,function,11,2,13
7,f_0009A549,function,12,1,13
7,f_0009AC3D,function,13,1,14
7,f_0009B1CC,function,11,1,12
7,f_0009B5B4,function,8,1,9
7,f_0009C089,function,7,0,7
7,f_0009C12E,function,7,2,9
7,f_0009C23D,function,7,1,8
7,f_0009C2DF,function,7,1,8
7,f_0009C381,function,7,1,8
7,f_0009C423,function,7,1,8
7,f_0009C4C5,function,7,1,8
7,f_0009C567,function,7,1,8
7,f_0009C609,function,2,0,2
7,f_0009CF45,function,1,10,11
7,f_0009D661,function,2,0,2
7,f_0009D8F8,function,2,0,2
7,f_0009DB8F,function,2,0,2
7,f_0009DE2C,function,2,0,2
7,f_0009E0C3,function,2,0,2
7,f_0009E35A,function,2,0,2
7,f_0009E5F1,function,2,0,2
7,f_0009E888,function,2,0,2
7,f_0009EB1F,function,2,0,2
7,f_0009EDB6,function,2,0,2
7,f_0009F04D,function,2,0,2
7,f_0009F2E4,function,2,0,2
7,f_0009F57B,function,2,0,2
7,f_0009F812,function,2,0,2
7,f_0009FAA9,function,2,0,2
7,f_0009FD40,function,2,0,2
7,f_0009FFD7,function,2,0,2
7,f_000A042D,function,17,0,17
7,f_0004A1AA,cycle,12,10,22
7,f_0004C9E2,cycle,8,7,15
8,f_000160B6,function,3,10,13
8,f_0003793C,function,10,0,10
8,f_00037B6A,function,9,5,14
8,f_000493AC,function,13,7,20
8,f_0004A0BF,function,4,2,6
8,f_0004CD33,function,13,2,15
8,f_0004CF35,function,14,3,17
8,f_0005034D,function,10,4,14
8,f_00050553,function,3,1,4
8,f_000519FC,function,12,3,15
8,f_00053347,function,3,0,3
8,f_000539D6,function,3,0,3
8,f_00055CB5,function,3,7,10
8,f_00088BB7,function,4,1,5
8,f_00091093,function,4,1,5
8,f_000911AB,function,4,1,5
8,f_000912E1,function,4,1,5
8,f_00039C85,cycle,29,7,36
8,f_0003A715,cycle,2,1,3
8,f_000923D5,cycle,4,1,5
8,f_00092448,cycle,5,1,6
8,f_000925A4,cycle,17,1,18
8,f_00092DA6,cycle,10,3,13
9,f_00010271,function,5,1018,1023
9,f_000104AB,function,7,0,7
9,f_000104E8,function,8,26,34
9,f_0001052C,function,8,22,30
9,f_00010570,function,8,6,14
9,f_000105B4,function,8,1,9
9,f_000105F8,function,8,0,8
9,f_00016F8E,function,10,82,92
9,f_000378FA,function,3,2,5
9,f_00037A97,function,5,1,6
9,f_00037AE8,function,3,3,6
9,f_0004A128,function,1,11,12
9,f_0004A14F,function,4,8,12
9,f_0004CF23,function,1,2,3
9,f_0004F798,function,4,1,5
9,f_0004F804,function,6,2,8
9,f_0005207E,function,1,18,19
9,f_00055D3D,function,12,34,46
9,f_0006C6A7,function,9,0,9
9,f_0009138D,function,7,1,8
9,f_00093B64,function,6,1,7
9,f_00093E8E,function,6,1,7
9,f_00093F85,function,11,1,12
9,f_0009409C,function,4,1,5
9,f_000980F2,function,3,8,11
10,f_00010298,function,3,1018,1021
10,f_0001063E,function,5,7,12
10,f_000107EC,function,6,9,15
10,f_000109BC,function,5,8,13
10,f_00010AA7,function,6,7,13
10,f_00010C6B,function,5,9,14
10,f_00010F8B,function,5,2,7
10,f_00011141,function,6,4,10
10,f_0001137B,function,6,5,11
10,f_0001149E,function,5,6,11
10,f_0001168B,function,6,3,9
10,f_00011786,function,6,3,9
10,f_000119DC,function,6,3,9
10,f_00011B07,function,6,5,11
10,f_00011CF8,function,6,2,8
10,f_00011EE9,function,6,4,10
10,f_00011FE2,function,6,2,8
10,f_000120F9,function,6,5,11
10,f_00012212,function,6,1,7
10,f_00012301,function,6,4,10
10,f_000124CF,function,6,4,10
10,f_00012691,function,5,3,8
10,f_00012841,function,5,1,6
10,f_00012A0F,function,5,1,6
10,f_00012B94,function,5,1,6
10,f_00012C7D,function,6,5,11
10,f_00012E46,function,6,3,9
10,f_00012F3D,function,6,5,11
10,f_000130E4,function,6,2,8
10,f_000131D7,function,5,4,9
10,f_000133D1,function,6,7,13
10,f_000135B6,function,6,6,12
10,f_000136A9,function,6,2,8
10,f_00013850,function,6,1,7
10,f_00013943,function,6,6,12
10,f_00013B2A,function,6,5,11
10,f_00013C1F,function,6,5,11
10,f_00013E2F,function,6,5,11
10,f_00013F4D,function,6,4,10
10,f_00014130,function,6,0,6
10,f_00014221,function,6,0,6
10,f_00014404,function,6,0,6
10,f_000144F5,function,6,2,8
10,f_0001469C,function,6,1,7
10,f_0001478F,function,6,6,12
10,f_0001499A,function,6,1,7
10,f_00014A8D,function,6,6,12
10,f_00014B71,function,5,5,10
10,f_00014C51,function,5,2,7
10,f_00014D33,function,5,0,5
10,f_00014E0B,function,5,3,8
10,f_00014F10,function,5,10,15
10,f_00015087,function,5,1,6
10,f_000151FE,function,5,5,10
10,f_00015473,function,4,6,10
10,f_00015543,function,4,9,13
10,f_0001568E,function,5,2,7
10,f_00015782,function,5,6,11
10,f_00015901,function,4,0,4
10,f_000159CA,function,4,3,7
10,f_00015B51,function,3,6,9
10,f_00015C2D,function,3,1,4
10,f_00015CEB,function,3,1,4
10,f_00015DA9,function,4,1,5
10,f_00015E3D,function,3,1,4
10,f_00015EA3,function,3,2,5
10,f_00015F46,function,4,1,5
10,f_00015FD8,function,4,1,5
10,f_0001605D,function,3,1,4
10,f_00037849,function,4,2,6
10,f_000378A3,function,4,0,4
10,f_00037BF7,function,20,3,23
10,f_00048EE0,function,6,1,7
10,f_0004E62D,function,6,1,7
10,f_00055A57,function,9,28,37
10,f_00088D1A,function,21,1,22
10,f_0008AB1E,function,14,1,15
10,f_00090E1B,function,9,1,10
10,f_0009314D,function,5,1,6
10,f_0009B7AF,function,13,1,14
10,f_0009C630,function,3,0,3
10,f_0009C671,function,3,0,3
10,f_0009C6B2,function,3,0,3
10,f_0009C6F3,function,3,0,3
10,f_0009C734,function,3,0,3
10,f_0009C775,function,3,0,3
10,f_0009C7B6,function,3,0,3
10,f_0009C7F7,function,4,0,4
10,f_0009C840,function,3,0,3
10,f_0009C881,function,4,0,4
10,f_0009C8CA,function,4,0,4
10,f_0009C913,function,3,0,3
10,f_0009C954,function,3,0,3
11,f_00002403,function,3,1,4
11,f_0000243B,function,3,0,3
11,f_00002473,function,3,0,3
11,f_000024AB,function,3,0,3
11,f_000024E3,function,3,0,3
11,f_0000251B,function,3,0,3
11,f_00002553,function,3,1,4
11,f_0000258B,function,3,1,4
11,f_000025C3,function,3,2,5
11,f_000025FB,function,3,2,5
11,f_00002633,function,3,1,4
11,f_0000266B,function,3,1,4
11,f_000026A3,function,3,1,4
11,f_000026DA,function,3,1,4
11,f_00002711,function,3,2,5
11,f_00002748,function,3,1,4
11,f_0000277F,function,3,1,4
11,f_000027B6,function,3,2,5
11,f_000027ED,function,3,1,4
11,f_00002824,function,3,2,5
11,f_0000285B,function,3,2,5
11,f_00002892,function,3,2,5
11,f_000028C9,function,3,1,4
11,f_00002900,function,3,1,4
11,f_00002937,function,3,1,4
11,f_0000296E,function,3,1,4
11,f_000029A5,function,3,1,4
11,f_000029DC,function,3,1,4
11,f_00002A13,function,3,2,5
11,f_00002A4A,function,3,3,6
11,f_00002A82,function,3,4,7
11,f_00002ABA,function,3,0,3
11,f_00002AF2,function,3,3,6
11,f_00002B2A,function,3,4,7
11,f_00002B62,function,3,2,5
11,f_00002B9A,function,3,3,6
11,f_00002BD2,function,3,3,6
11,f_00002C0A,function,3,3,6
11,f_00002C42,function,3,2,5
11,f_00002C7A,function,3,2,5
11,f_00002CB2,function,3,3,6
11,f_00002CEA,function,3,0,3
11,f_00002D22,function,3,2,5
11,f_00002D5A,function,3,1,4
11,f_00002D92,function,3,1,4
11,f_00002DCA,function,3,1,4
11,f_00002E02,function,3,1,4
11,f_00002E3A,function,3,1,4
11,f_00002E72,function,3,1,4
11,f_00002EAA,function,3,1,4
11,f_00002EE1,function,3,1,4
11,f_00002F18,function,3,1,4
11,f_00002F4F,function,3,1,4
11,f_00002F86,function,3,1,4
11,f_00002FBD,function,3,1,4
11,f_00002FF4,function,3,1,4
11,f_0000302B,function,3,1,4
11,f_00003062,function,3,1,4
11,f_0000309A,function,3,1,4
11,f_000030D2,function,3,1,4
11,f_0000310A,function,3,1,4
11,f_00003142,function,3,1,4
11,f_0000317A,function,3,1,4
11,f_000031B2,function,3,1,4
11,f_000031EA,function,3,1,4
11,f_00003222,function,3,1,4
11,f_00003259,function,3,1,4
11,f_00003290,function,3,1,4
11,f_000032C7,function,3,1,4
11,f_000032FE,function,3,1,4
11,f_00003335,function,3,1,4
11,f_0000336C,function,3,1,4
11,f_000033A3,function,3,1,4
11,f_000033DA,function,3,1,4
11,f_00003411,function,3,1,4
11,f_00003448,function,3,1,4
11,f_0000347F,function,3,1,4
11,f_000034B6,function,3,1,4
11,f_000034ED,function,3,1,4
11,f_00003524,function,3,3,6
11,f_0000355C,function,3,0,3
11,f_00003594,function,3,0,3
11,f_000035CC,function,3,1,4
11,f_00003604,function,3,1,4
11,f_0000363C,function,3,1,4
11,f_00003674,function,3,1,4
11,f_000036AB,function,3,1,4
11,f_000036E2,function,3,0,3
11,f_00003719,function,3,1,4
11,f_00003750,function,3,1,4
11,f_00003787,function,3,2,5
11,f_000037BE,function,3,1,4
11,f_000037F5,function,3,1,4
11,f_0000382C,function,3,1,4
11,f_00003863,function,3,1,4
11,f_0000389A,function,3,1,4
11,f_000038D1,function,3,1,4
11,f_00003908,function,3,1,4
11,f_0000393F,function,3,1,4
11,f_00003976,function,3,1,4
11,f_000039AE,function,3,1,4
11,f_000039E6,function,3,1,4
11,f_00003A1E,function,3,1,4
11,f_00003A56,function,3,1,4
11,f_00003A8E,function,3,1,4
11,f_00003AC6,function,3,0,3
11,f_00003AFE,function,3,0,3
11,f_00003B36,function,3,0,3
11,f_00003B6E,function,3,1,4
11,f_00003BA6,function,3,0,3
11,f_00003BDE,function,3,0,3
11,f_00003C16,function,3,0,3
11,f_00003C4E,function,3,0,3
11,f_00003C86,function,3,1,4
11,f_00003CBE,function,3,1,4
11,f_00003CF6,function,3,0,3
11,f_00003D2E,function,3,0,3
11,f_00003D66,function,3,1,4
11,f_00003D9E,function,3,1,4
11,f_00003DD6,function,3,1,4
11,f_00003E0E,function,3,1,4
11,f_00003E46,function,3,1,4
11,f_00003E7E,function,3,1,4
11,f_00003EB6,function,3,0,3
11,f_00003EEE,function,3,0,3
11,f_00003F26,function,3,0,3
11,f_00003F5E,function,3,1,4
11,f_00003F96,function,3,1,4
11,f_00003FCE,function,3,1,4
11,f_00004006,function,3,1,4
11,f_0000403E,function,3,0,3
11,f_00004076,function,3,1,4
11,f_000040AE,function,3,0,3
11,f_000040E6,function,3,0,3
11,f_0000411E,function,3,1,4
11,f_00004156,function,3,0,3
11,f_0000418E,function,3,1,4
11,f_000041C6,function,3,1,4
11,f_000041FE,function,3,1,4
11,f_00004236,function,3,1,4
11,f_0000426E,function,3,1,4
11,f_000042A6,function,3,1,4
11,f_000042DE,function,3,1,4
11,f_00004316,function,3,1,4
11,f_0000434E,function,3,0,3
11,f_00004386,function,3,1,4
11,f_000043BE,function,3,0,3
11,f_000043F6,function,3,0,3
11,f_0000442E,function,3,0,3
11,f_00004466,function,3,0,3
11,f_0000449E,function,3,1,4
11,f_000044D6,function,3,0,3
11,f_0000450E,function,3,1,4
11,f_00004546,function,3,1,4
11,f_0000457E,function,3,1,4
11,f_000045B6,function,3,1,4
11,f_000045EE,function,3,1,4
11,f_00004626,function,3,0,3
11,f_0000465E,function,3,1,4
11,f_00004696,function,3,1,4
11,f_000046CE,function,3,1,4
11,f_00004706,function,3,1,4
11,f_0000473E,function,3,1,4
11,f_00004776,function,3,0,3
11,f_000047AE,function,3,1,4
11,f_000047E6,function,3,1,4
11,f_0000481E,function,3,1,4
11,f_00004856,function,3,0,3
11,f_0000488E,function,3,0,3
11,f_000048C6,function,3,1,4
11,f_000048FE,function,3,1,4
11,f_00004936,function,3,1,4
11,f_0000496E,function,3,1,4
11,f_000049A6,function,3,1,4
11,f_000049DE,function,3,1,4
11,f_00004A16,function,3,1,4
11,f_00004A4E,function,3,0,3
11,f_00004A86,function,3,1,4
11,f_00004ABE,function,3,0,3
11,f_00004AF6,function,3,1,4
11,f_00004B2E,function,3,1,4
11,f_00004B66,function,3,0,3
11,f_00004B9E,function,3,1,4
11,f_00004BD6,function,3,1,4
11,f_00004C0E,function,3,1,4
11,f_00004C46,function,3,1,4
11,f_00004C7E,function,3,1,4
11,f_00004CB6,function,3,0,3
11,f_00004CEE,function,3,0,3
11,f_00004D26,function,3,0,3
11,f_00004D5E,function,3,0,3
11,f_00004D96,function,3,1,4
11,f_00004DCE,function,3,0,3
11,f_00004E06,function,3,1,4
11,f_00004E3E,function,3,1,4
11,f_00004E76,function,3,1,4
11,f_00004EAE,function,3,1,4
11,f_00004EE6,function,3,1,4
11,f_00004F1E,function,3,1,4
11,f_00004F56,function,3,0,3
11,f_00004F8E,function,3,1,4
11,f_00004FC6,function,3,0,3
11,f_00004FFE,function,3,0,3
11,f_00005036,function,3,0,3
11,f_0000506E,function,3,1,4
11,f_000050A6,function,3,1,4
11,f_000050DE,function,3,4,7
11,f_00005116,function,3,2,5
11,f_0000514E,function,3,1,4
11,f_00005186,function,3,2,5
11,f_000051BE,function,3,4,7
11,f_000051F6,function,3,2,5
11,f_0000522E,function,3,1,4
11,f_00005266,function,3,1,4
11,f_0000529E,function,3,1,4
11,f_000052D6,function,3,1,4
11,f_0000530E,function,3,1,4
11,f_00005346,function,3,1,4
11,f_0000537E,function,3,1,4
11,f_000053B6,function,3,0,3
11,f_000053EE,function,3,1,4
11,f_00005426,function,3,1,4
11,f_0000545E,function,3,1,4
11,f_00005496,function,3,0,3
11,f_000054CE,function,3,1,4
11,f_00005506,function,3,1,4
11,f_0000553E,function,3,0,3
11,f_00005576,function,3,1,4
11,f_000055AD,function,3,1,4
11,f_000055E4,function,3,1,4
11,f_0000561B,function,3,1,4
11,f_00005652,function,3,1,4
11,f_00005689,function,3,1,4
11,f_000056C0,function,3,1,4
11,f_000056F7,function,3,2,5
11,f_0000572E,function,3,1,4
11,f_00005765,function,3,1,4
11,f_0000579C,function,3,1,4
11,f_000057D3,function,3,1,4
11,f_0000580A,function,3,1,4
11,f_00005841,function,3,1,4
11,f_00005878,function,3,1,4
11,f_000058AF,function,3,1,4
11,f_000058E7,function,3,1,4
11,f_0000591F,function,3,1,4
11,f_00005957,function,3,0,3
11,f_0000598F,function,3,0,3
11,f_000059C7,function,3,0,3
11,f_000059FF,function,3,0,3
11,f_00005A37,function,3,1,4
11,f_00005A6F,function,3,1,4
11,f_00005AA7,function,3,0,3
11,f_00005ADF,function,3,0,3
11,f_00005B17,function,3,0,3
11,f_00005B4F,function,3,0,3
11,f_00005B87,function,3,0,3
11,f_00005BBF,function,3,1,4
11,f_00005BF7,function,3,1,4
11,f_00005C2F,function,3,1,4
11,f_00005C67,function,3,1,4
11,f_00005C9F,function,3,1,4
11,f_00005CD7,function,3,1,4
11,f_00005D0F,function,3,1,4
11,f_00005D47,function,3,1,4
11,f_00005D7F,function,3,1,4
11,f_00005DB7,function,3,0,3
11,f_00005DEF,function,3,0,3
11,f_00005E27,function,3,0,3
11,f_00005E5F,function,3,0,3
11,f_00005E97,function,3,0,3
11,f_00005ECF,function,3,0,3
11,f_00005F07,function,3,0,3
11,f_00005F3F,function,3,0,3
11,f_00005F77,function,3,1,4
11,f_00005FAF,function,3,0,3
11,f_00005FE7,function,3,1,4
11,f_0000601F,function,3,0,3
11,f_00006057,function,3,0,3
11,f_0000608F,function,3,1,4
11,f_000060C7,function,3,1,4
11,f_000060FF,function,3,1,4
11,f_00006137,function,3,1,4
11,f_0000616E,function,3,1,4
11,f_000061A5,function,3,1,4
11,f_000061DC,function,3,2,5
11,f_00006213,function,3,1,4
11,f_0000624B,function,3,0,3
11,f_00006283,function,3,1,4
11,f_000062BB,function,3,0,3
11,f_000062F3,function,3,1,4
11,f_0000632B,function,3,1,4
11,f_00006363,function,3,2,5
11,f_0000639B,function,3,1,4
11,f_000063D3,function,3,1,4
11,f_0000640A,function,3,1,4
11,f_00006441,function,3,1,4
11,f_00006478,function,3,1,4
11,f_000064AF,function,3,1,4
11,f_000064E6,function,3,1,4
11,f_0000651E,function,3,1,4
11,f_00006556,function,3,1,4
11,f_0000658E,function,3,1,4
11,f_000065C6,function,3,1,4
11,f_000065FE,function,3,1,4
11,f_00006636,function,3,1,4
11,f_0000666E,function,3,1,4
11,f_000066A6,function,3,0,3
11,f_000066DE,function,3,0,3
11,f_00006716,function,3,1,4
11,f_0000674E,function,3,1,4
11,f_00006786,function,3,1,4
11,f_000067BE,function,3,0,3
11,f_000067F6,function,3,0,3
11,f_0000682E,function,3,1,4
11,f_00006866,function,3,1,4
11,f_0000689D,function,3,1,4
11,f_000068D4,function,3,1,4
11,f_0000690B,function,3,1,4
11,f_00006942,function,3,1,4
11,f_00006979,function,3,1,4
11,f_000069B0,function,3,1,4
11,f_000069E7,function,3,1,4
11,f_00006A1E,function,3,1,4
11,f_00006A55,function,3,1,4
11,f_00006A8C,function,3,1,4
11,f_00006AC3,function,3,1,4
11,f_00006AFA,function,3,1,4
11,f_00006B31,function,3,1,4
11,f_00006B68,function,3,1,4
11,f_00006B9F,function,3,1,4
11,f_00006BD6,function,3,1,4
11,f_00006C0D,function,3,1,4
11,f_00006C44,function,3,2,5
11,f_00006C7B,function,3,2,5
11,f_00006CB2,function,3,1,4
11,f_00006CE9,function,3,1,4
11,f_00006D20,function,3,0,3
11,f_00006D57,function,3,0,3
11,f_00006D8E,function,3,0,3
11,f_00006DC5,function,3,0,3
11,f_00006DFC,function,3,1,4
11,f_00006E33,function,3,1,4
11,f_00006E6A,function,3,1,4
11,f_00006EA1,function,3,1,4
11,f_00006ED8,function,3,1,4
11,f_00006F10,function,3,1,4
11,f_00006F48,function,3,1,4
11,f_00006F80,function,3,1,4
11,f_00006FB8,function,3,0,3
11,f_00006FF0,function,3,0,3
11,f_00007028,function,3,0,3
11,f_00007060,function,3,1,4
11,f_00007098,function,3,0,3
11,f_000070D0,function,3,0,3
11,f_00007108,function,3,1,4
11,f_00007140,function,3,0,3
11,f_00007178,function,3,1,4
11,f_000071B0,function,3,0,3
11,f_000071E8,function,3,1,4
11,f_00007220,function,3,1,4
11,f_00007258,function,3,1,4
11,f_00007290,function,3,1,4
11,f_000072C8,function,3,1,4
11,f_00007300,function,3,1,4
11,f_00007338,function,3,1,4
11,f_00007370,function,3,0,3
11,f_000073A8,function,3,0,3
11,f_000073E0,function,3,0,3
11,f_00007418,function,3,1,4
11,f_00007450,function,3,0,3
11,f_00007488,function,3,0,3
11,f_000074C0,function,3,1,4
11,f_000074F8,function,3,0,3
11,f_00007530,function,3,0,3
11,f_00007568,function,3,1,4
11,f_000075A0,function,3,0,3
11,f_000075D8,function,3,0,3
11,f_00007610,function,3,1,4
11,f_00007648,function,3,1,4
11,f_00007680,function,3,1,4
11,f_000076B8,function,3,1,4
11,f_000076F0,function,3,0,3
11,f_00007728,function,3,0,3
11,f_00007760,function,3,0,3
11,f_00007798,function,3,0,3
11,f_000077D0,function,3,1,4
11,f_00007808,function,3,0,3
11,f_00007840,function,3,1,4
11,f_00007878,function,3,0,3
11,f_000078B0,function,3,1,4
11,f_000078E8,function,3,1,4
11,f_00007920,function,3,1,4
11,f_00007958,function,3,1,4
11,f_00007990,function,3,1,4
11,f_000079C8,function,3,0,3
11,f_00007A00,function,3,0,3
11,f_00007A38,function,3,0,3
11,f_00007A70,function,3,0,3
11,f_00007AA8,function,3,0,3
11,f_00007AE0,function,3,0,3
11,f_00007B18,function,3,1,4
11,f_00007B50,function,3,0,3
11,f_00007B88,function,3,0,3
11,f_00007BC0,function,3,0,3
11,f_00007BF8,function,3,0,3
11,f_00007C30,function,3,0,3
11,f_00007C68,function,3,0,3
11,f_00007CA0,function,3,1,4
11,f_00007CD8,function,3,1,4
11,f_00007D10,function,3,0,3
11,f_00007D48,function,3,0,3
11,f_00007D80,function,3,1,4
11,f_00007DB8,function,3,0,3
11,f_00007DF0,function,3,0,3
11,f_00007E28,function,3,1,4
11,f_00007E60,function,3,1,4
11,f_00007E98,function,3,0,3
11,f_00007ED0,function,3,0,3
11,f_00007F08,function,3,0,3
11,f_00007F40,function,3,0,3
11,f_00007F78,function,3,0,3
11,f_00007FB0,function,3,1,4
11,f_00007FE8,function,3,0,3
11,f_00008020,function,3,1,4
11,f_00008058,function,3,1,4
11,f_00008090,function,3,0,3
11,f_000080C8,function,3,1,4
11,f_00008100,function,3,0,3
11,f_00008138,function,3,1,4
11,f_00008170,function,3,0,3
11,f_000081A8,function,3,0,3
11,f_000081E0,function,3,0,3
11,f_00008218,function,3,1,4
11,f_00008250,function,3,0,3
11,f_00008288,function,3,1,4
11,f_000082C0,function,3,0,3
11,f_000082F8,function,3,1,4
11,f_00008330,function,3,0,3
11,f_00008368,function,3,1,4
11,f_000083A0,function,3,0,3
11,f_000083D8,function,3,1,4
11,f_00008410,function,3,1,4
11,f_00008448,function,3,1,4
11,f_00008480,function,3,1,4
11,f_000084B8,function,3,1,4
11,f_000084F0,function,3,1,4
11,f_00008528,function,3,1,4
11,f_00008560,function,3,0,3
11,f_00008598,function,3,1,4
11,f_000085D0,function,3,0,3
11,f_00008608,function,3,0,3
11,f_00008640,function,3,1,4
11,f_00008678,function,3,1,4
11,f_000086B0,function,3,1,4
11,f_000086E8,function,3,1,4
11,f_00008720,function,3,1,4
11,f_00008758,function,3,1,4
11,f_00008790,function,3,1,4
11,f_000087C8,function,3,1,4
11,f_00008800,function,3,1,4
11,f_00008838,function,3,1,4
11,f_00008870,function,3,1,4
11,f_000088A8,function,3,1,4
11,f_000088E0,function,3,1,4
11,f_00008918,function,3,1,4
11,f_00008950,function,3,1,4
11,f_00008989,function,3,1,4
11,f_000089C2,function,3,1,4
11,f_000089FB,function,3,0,3
11,f_00008A34,function,3,1,4
11,f_00008A6D,function,3,1,4
11,f_00008AA6,function,3,1,4
11,f_00008ADF,function,3,1,4
11,f_00008B18,function,3,1,4
11,f_00008B51,function,3,1,4
11,f_00008B8A,function,3,1,4
11,f_00008BC3,function,3,0,3
11,f_00008BFC,function,3,0,3
11,f_00008C35,function,3,0,3
11,f_00008C6E,function,3,0,3
11,f_00008CA7,function,3,1,4
11,f_00008CE0,function,3,1,4
11,f_00008D18,function,3,1,4
11,f_00008D50,function,3,1,4
11,f_00008D88,function,3,1,4
11,f_00008DC0,function,3,1,4
11,f_00008DF9,function,3,1,4
11,f_00008E32,function,3,0,3
11,f_00008E6B,function,3,1,4
11,f_00008EA4,function,3,0,3
11,f_00008EDD,function,3,0,3
11,f_00008F16,function,3,1,4
11,f_00008F4F,function,3,1,4
11,f_00008F88,function,3,1,4
11,f_00008FC1,function,3,1,4
11,f_00008FFA,function,3,0,3
11,f_00009033,function,3,0,3
11,f_0000906C,function,3,1,4
11,f_000090A5,function,3,0,3
11,f_000090DE,function,3,0,3
11,f_00009117,function,3,1,4
11,f_0000914F,function,3,1,4
11,f_00009187,function,3,0,3
11,f_000091BF,function,3,1,4
11,f_000091F7,function,3,1,4
11,f_0000922F,function,3,1,4
11,f_00009267,function,3,1,4
11,f_0000929F,function,3,1,4
11,f_000092D7,function,3,1,4
11,f_0000930F,function,3,1,4
11,f_00009347,function,3,1,4
11,f_0000937F,function,3,1,4
11,f_000093B7,function,3,1,4
11,f_000093EF,function,3,1,4
11,f_00009427,function,3,1,4
11,f_0000945F,function,3,1,4
11,f_00009497,function,3,1,4
11,f_000094CF,function,3,1,4
11,f_00009507,function,3,1,4
11,f_0000953F,function,3,0,3
11,f_00009577,function,3,1,4
11,f_000095B0,function,3,1,4
11,f_000095E9,function,3,1,4
11,f_00009622,function,3,0,3
11,f_0000965B,function,3,1,4
11,f_00009694,function,3,1,4
11,f_000096CD,function,3,1,4
11,f_00009706,function,3,1,4
11,f_0000973F,function,3,0,3
11,f_00009778,function,3,0,3
11,f_000097B1,function,3,1,4
11,f_000097EA,function,3,1,4
11,f_00009823,function,3,0,3
11,f_0000985C,function,3,1,4
11,f_00009895,function,3,0,3
11,f_000098CE,function,3,0,3
11,f_00009907,function,3,1,4
11,f_00009940,function,3,1,4
11,f_00009979,function,3,1,4
11,f_000099B2,function,3,1,4
11,f_000099EB,function,3,1,4
11,f_00009A24,function,3,1,4
11,f_00009A5D,function,3,0,3
11,f_00009A96,function,3,0,3
11,f_00009ACF,function,3,0,3
11,f_00009B08,function,3,0,3
11,f_00009B41,function,3,1,4
11,f_00009B7A,function,3,1,4
11,f_00009BB3,function,3,1,4
11,f_00009BEC,function,3,1,4
11,f_00009C25,function,3,1,4
11,f_00009C5E,function,3,1,4
11,f_00009C97,function,3,1,4
11,f_00009CD0,function,3,1,4
11,f_00009D09,function,3,1,4
11,f_00009D42,function,3,0,3
11,f_00009D7B,function,3,0,3
11,f_00009DB4,function,3,0,3
11,f_00009DED,function,3,1,4
11,f_00009E26,function,3,1,4
11,f_00009E5F,function,3,0,3
11,f_00009E98,function,3,0,3
11,f_00009ED1,function,3,0,3
11,f_00009F0A,function,3,0,3
11,f_00009F43,function,3,0,3
11,f_00009F7C,function,3,0,3
11,f_00009FB5,function,3,1,4
11,f_00009FEE,function,3,1,4
11,f_0000A027,function,3,1,4
11,f_0000A060,function,3,1,4
11,f_0000A099,function,3,0,3
11,f_0000A0D2,function,3,0,3
11,f_0000A10B,function,3,0,3
11,f_0000A144,function,3,1,4
11,f_0000A17D,function,3,1,4
11,f_0000A1B6,function,3,0,3
11,f_0000A1EF,function,3,0,3
11,f_0000A228,function,3,0,3
11,f_0000A261,function,3,0,3
11,f_0000A29A,function,3,1,4
11,f_0000A2D3,function,3,0,3
11,f_0000A30C,function,3,0,3
11,f_0000A345,function,3,1,4
11,f_0000A37E,function,3,0,3
11,f_0000A3B7,function,3,1,4
11,f_0000A3F0,function,3,1,4
11,f_0000A429,function,3,0,3
11,f_0000A462,function,3,0,3
11,f_0000A49B,function,3,1,4
11,f_0000A4D4,function,3,1,4
11,f_0000A50D,function,3,0,3
11,f_0000A546,function,3,0,3
11,f_0000A57F,function,3,0,3
11,f_0000A5B8,function,3,0,3
11,f_0000A5F1,function,3,0,3
11,f_0000A62A,function,3,1,4
11,f_0000A663,function,3,1,4
11,f_0000A69C,function,3,1,4
11,f_0000A6D5,function,3,1,4
11,f_0000A70E,function,3,1,4
11,f_0000A747,function,3,1,4
11,f_0000A780,function,3,1,4
11,f_0000A7B9,function,3,1,4
11,f_0000A7F2,function,3,1,4
11,f_0000A82B,function,3,0,3
11,f_0000A864,function,3,0,3
11,f_0000A89D,function,3,0,3
11,f_0000A8D6,function,3,1,4
11,f_0000A90F,function,3,1,4
11,f_0000A947,function,3,1,4
11,f_0000A97F,function,3,1,4
11,f_0000A9B7,function,3,1,4
11,f_0000A9EF,function,3,2,5
11,f_0000AA27,function,3,1,4
11,f_0000AA5F,function,3,1,4
11,f_0000AA97,function,3,1,4
11,f_0000AACF,function,3,1,4
11,f_0000AB07,function,3,1,4
11,f_0000AB3F,function,3,1,4
11,f_0000AB77,function,3,1,4
11,f_0000ABAF,function,3,1,4
11,f_0000ABE7,function,3,1,4
11,f_0000AC1F,function,3,1,4
11,f_0000AC57,function,3,1,4
11,f_0000AC8F,function,3,1,4
11,f_0000ACC7,function,3,1,4
11,f_0000ACFF,function,3,1,4
11,f_0000AD37,function,3,1,4
11,f_0000AD6F,function,3,1,4
11,f_0000ADA7,function,3,1,4
11,f_0000ADDF,function,3,1,4
11,f_0000AE17,function,3,1,4
11,f_0000AE4F,function,3,1,4
11,f_0000AE87,function,3,1,4
11,f_0000AEBF,function,3,1,4
11,f_0000AEF7,function,3,1,4
11,f_0000AF2F,function,3,1,4
11,f_0000AF67,function,3,1,4
11,f_0000AF9F,function,3,1,4
11,f_0000AFD7,function,3,1,4
11,f_0000B00F,function,3,1,4
11,f_0000B047,function,3,0,3
11,f_0000B07F,function,3,1,4
11,f_0000B0B7,function,3,1,4
11,f_0000B0EF,function,3,1,4
11,f_0000B127,function,3,1,4
11,f_0000B15F,function,3,1,4
11,f_0000B197,function,3,1,4
11,f_0000B1CF,function,3,1,4
11,f_0000B208,function,3,1,4
11,f_0000B241,function,3,1,4
11,f_0000B27A,function,3,1,4
11,f_0000B2B3,function,3,1,4
11,f_0000B2EC,function,3,1,4
11,f_0000B325,function,3,1,4
11,f_0000B35E,function,3,1,4
11,f_0000B397,function,3,1,4
11,f_0000B3D0,function,3,0,3
11,f_0000B409,function,3,0,3
11,f_0000B442,function,3,0,3
11,f_0000B47B,function,3,1,4
11,f_0000B4B4,function,3,0,3
11,f_0000B4ED,function,3,0,3
11,f_0000B526,function,3,1,4
11,f_0000B55F,function,3,1,4
11,f_0000B597,function,3,1,4
11,f_0000B5CF,function,3,1,4
11,f_0000B607,function,3,1,4
11,f_0000B63F,function,3,1,4
11,f_0000B677,function,3,1,4
11,f_0000B6AF,function,3,1,4
11,f_0000B6E7,function,3,1,4
11,f_0000B71F,function,3,1,4
11,f_0000B757,function,3,1,4
11,f_0000B790,function,3,1,4
11,f_0000B7C9,function,3,0,3
11,f_0000B802,function,3,1,4
11,f_0000B83B,function,3,1,4
11,f_0000B874,function,3,0,3
11,f_0000B8AD,function,3,0,3
11,f_0000B8E6,function,3,1,4
11,f_0000B91F,function,3,1,4
11,f_0000B958,function,3,1,4
11,f_0000B991,function,3,0,3
11,f_0000B9CA,function,3,0,3
11,f_0000BA03,function,3,1,4
11,f_0000BA3C,function,3,0,3
11,f_0000BA75,function,3,1,4
11,f_0000BAAE,function,3,0,3
11,f_0000BAE7,function,3,0,3
11,f_0000BB20,function,3,0,3
11,f_0000BB59,function,3,1,4
11,f_0000BB92,function,3,1,4
11,f_0000BBCB,function,3,0,3
11,f_0000BC04,function,3,1,4
11,f_0000BC3D,function,3,1,4
11,f_0000BC76,function,3,0,3
11,f_0000BCAF,function,3,1,4
11,f_0000BCE8,function,3,1,4
11,f_0000BD21,function,3,1,4
11,f_0000BD5A,function,3,0,3
11,f_0000BD93,function,3,1,4
11,f_0000BDCC,function,3,1,4
11,f_0000BE05,function,3,1,4
11,f_0000BE3E,function,3,1,4
11,f_0000BE77,function,3,1,4
11,f_0000BEB0,function,3,0,3
11,f_0000BEE9,function,3,0,3
11,f_0000BF22,function,3,1,4
11,f_0000BF5B,function,3,0,3
11,f_0000BF94,function,3,0,3
11,f_0000BFCD,function,3,1,4
11,f_0000C006,function,3,0,3
11,f_0000C03F,function,3,1,4
11,f_0000C078,function,3,0,3
11,f_0000C0B1,function,3,0,3
11,f_0000C0EA,function,3,1,4
11,f_0000C123,function,3,1,4
11,f_0000C15C,function,3,0,3
11,f_0000C195,function,3,1,4
11,f_0000C1CE,function,3,1,4
11,f_0000C207,function,3,1,4
11,f_0000C240,function,3,1,4
11,f_0000C279,function,3,0,3
11,f_0000C2B2,function,3,1,4
11,f_0000C2EB,function,3,1,4
11,f_0000C324,function,3,1,4
11,f_0000C35D,function,3,0,3
11,f_0000C396,function,3,0,3
11,f_0000C3CF,function,3,1,4
11,f_0000C408,function,3,0,3
11,f_0000C441,function,3,0,3
11,f_0000C47A,function,3,0,3
11,f_0000C4B3,function,3,1,4
11,f_0000C4EC,function,3,1,4
11,f_0000C525,function,3,1,4
11,f_0000C55E,function,3,1,4
11,f_0000C597,function,3,1,4
11,f_0000C5D0,function,3,0,3
11,f_0000C609,function,3,1,4
11,f_0000C642,function,3,0,3
11,f_0000C67B,function,3,0,3
11,f_0000C6B4,function,3,1,4
11,f_0000C6ED,function,3,1,4
11,f_0000C726,function,3,7,10
11,f_0000C760,function,3,1,4
11,f_0000C79A,function,3,1,4
11,f_0000C7D4,function,3,1,4
11,f_0000C80E,function,3,1,4
11,f_0000C848,function,3,1,4
11,f_0000C882,function,3,1,4
11,f_0000C8BC,function,3,1,4
11,f_0000C8F6,function,3,1,4
11,f_0000C930,function,3,1,4
11,f_0000C96A,function,3,1,4
11,f_0000C9A4,function,3,1,4
11,f_0000C9DE,function,3,1,4
11,f_0000CA18,function,3,1,4
11,f_0000CA52,function,3,0,3
11,f_0000CA8C,function,3,1,4
11,f_0000CAC6,function,3,1,4
11,f_0000CB00,function,3,1,4
11,f_0000CB3A,function,3,1,4
11,f_0000CB75,function,3,1,4
11,f_0000CBB0,function,3,1,4
11,f_0000CBEB,function,3,1,4
11,f_0000CC26,function,3,1,4
11,f_0000CC61,function,3,0,3
11,f_0000CC9C,function,3,0,3
11,f_0000CCD7,function,3,0,3
11,f_0000CD12,function,3,0,3
11,f_0000CD4D,function,3,0,3
11,f_0000CD88,function,3,0,3
11,f_0000CDC3,function,3,0,3
11,f_0000CDFE,function,3,0,3
11,f_0000CE39,function,3,1,4
11,f_0000CE74,function,3,1,4
11,f_0000CEAF,function,3,1,4
11,f_0000CEEA,function,3,1,4
11,f_0000CF24,function,3,1,4
11,f_0000CF5F,function,3,1,4
11,f_0000CF9A,function,3,1,4
11,f_0000CFD5,function,3,1,4
11,f_0000D010,function,3,1,4
11,f_0000D04B,function,3,1,4
11,f_0000D086,function,3,1,4
11,f_0000D0C1,function,3,1,4
11,f_0000D0F9,function,3,1,4
11,f_0000D131,function,3,1,4
11,f_0000D169,function,3,1,4
11,f_0000D1A1,function,3,1,4
11,f_0000D1D9,function,3,1,4
11,f_0000D211,function,3,1,4
11,f_0000D249,function,3,1,4
11,f_0000D282,function,3,1,4
11,f_0000D2BB,function,3,1,4
11,f_0000D2F4,function,3,1,4
11,f_0000D32D,function,3,0,3
11,f_0000D366,function,3,0,3
11,f_0000D39F,function,3,1,4
11,f_0000D3D8,function,3,0,3
11,f_0000D411,function,3,1,4
11,f_0000D449,function,3,1,4
11,f_0000D481,function,3,1,4
11,f_0000D4B9,function,3,1,4
11,f_0000D4F1,function,3,1,4
11,f_0000D52A,function,3,1,4
11,f_0000D563,function,3,1,4
11,f_0000D59C,function,3,0,3
11,f_0000D5D5,function,3,1,4
11,f_0000D60E,function,3,0,3
11,f_0000D647,function,3,1,4
11,f_0000D680,function,3,0,3
11,f_0000D6B9,function,3,1,4
11,f_0000D6F2,function,3,0,3
11,f_0000D72B,function,3,0,3
11,f_0000D764,function,3,1,4
11,f_0000D79D,function,3,0,3
11,f_0000D7D6,function,3,0,3
11,f_0000D80F,function,3,0,3
11,f_0000D848,function,3,1,4
11,f_0000D881,function,3,2,5
11,f_0000D8B9,function,3,1,4
11,f_0000D8F1,function,3,2,5
11,f_0000D929,function,3,2,5
11,f_0000D961,function,3,2,5
11,f_0000D999,function,3,0,3
11,f_0000D9D1,function,3,0,3
11,f_0000DA09,function,3,0,3
11,f_0000DA41,function,3,0,3
11,f_0000DA79,function,3,1,4
11,f_0000DAB1,function,3,1,4
11,f_0000DAE9,function,3,1,4
11,f_0000DB21,function,3,1,4
11,f_0000DB59,function,3,1,4
11,f_0000DB91,function,3,1,4
11,f_0000DBC9,function,3,1,4
11,f_0000DC01,function,3,0,3
11,f_0000DC39,function,3,0,3
11,f_0000DC71,function,3,0,3
11,f_0000DCA9,function,3,0,3
11,f_0000DCE1,function,3,0,3
11,f_0000DD19,function,3,1,4
11,f_0000DD51,function,3,1,4
11,f_0000DD89,function,3,0,3
11,f_0000DDC1,function,3,0,3
11,f_0000DDF9,function,3,0,3
11,f_0000DE31,function,3,0,3
11,f_0000DE69,function,3,0,3
11,f_0000DEA1,function,3,1,4
11,f_0000DED9,function,3,1,4
11,f_0000DF11,function,3,1,4
11,f_0000DF4B,function,3,0,3
11,f_0000DF85,function,3,0,3
11,f_0000DFBF,function,3,1,4
11,f_0000DFF9,function,3,1,4
11,f_0000E031,function,3,1,4
11,f_0000E069,function,3,1,4
11,f_0000E0A1,function,3,1,4
11,f_0000E0D9,function,3,1,4
11,f_0000E111,function,3,1,4
11,f_0000E149,function,3,1,4
11,f_0000E17F,function,3,2,5
11,f_0000E1B5,function,3,1,4
11,f_0000E1EB,function,3,2,5
11,f_0000E221,function,3,1,4
11,f_0000E257,function,3,1,4
11,f_0000E28D,function,3,1,4
11,f_0000E2C4,function,3,1,4
11,f_0000E2FB,function,3,2,5
11,f_0000E331,function,3,1,4
11,f_0000E367,function,3,6,9
11,f_0000E39D,function,3,0,3
11,f_0000E3D3,function,3,4,7
11,f_0000E409,function,3,0,3
11,f_0000E440,function,3,0,3
11,f_0000E477,function,3,0,3
11,f_0000E4AE,function,3,0,3
11,f_0000E4E5,function,3,0,3
11,f_0000E51C,function,3,0,3
11,f_0000E553,function,3,0,3
11,f_0000E58A,function,3,0,3
11,f_0000E5C1,function,3,0,3
11,f_0000E5F7,function,3,0,3
11,f_0000E62D,function,3,1,4
11,f_0000E663,function,3,1,4
11,f_0000E699,function,3,1,4
11,f_0000E6CF,function,3,1,4
11,f_0000E705,function,3,1,4
11,f_0000E73B,function,3,2,5
11,f_0000E771,function,3,1,4
11,f_0000E7A7,function,3,2,5
11,f_0000E7DD,function,3,1,4
11,f_0000E813,function,3,1,4
11,f_0000E849,function,3,2,5
11,f_0000E87F,function,3,4,7
11,f_0000E8B5,function,3,1,4
11,f_0000E8EB,function,3,3,6
11,f_0000E921,function,3,1,4
11,f_0000E957,function,3,0,3
11,f_0000E98D,function,3,1,4
11,f_0000E9C3,function,3,1,4
11,f_0000E9F9,function,3,1,4
11,f_0000EA2F,function,3,1,4
11,f_0000EA65,function,3,1,4
11,f_0000EA9B,function,3,1,4
11,f_0000EAD1,function,3,1,4
11,f_0000EB07,function,3,1,4
11,f_0000EB3D,function,3,1,4
11,f_0000EB73,function,3,1,4
11,f_0000EBA9,function,3,1,4
11,f_0000EBDF,function,3,1,4
11,f_0000EC15,function,3,1,4
11,f_0000EC4B,function,3,1,4
11,f_0000EC81,function,3,0,3
11,f_0000ECB7,function,3,1,4
11,f_0000ECED,function,3,1,4
11,f_0000ED23,function,3,1,4
11,f_0000ED59,function,3,1,4
11,f_0000ED8F,function,3,1,4
11,f_0000EDC5,function,3,0,3
11,f_0000EDFB,function,3,3,6
11,f_0000EE31,function,3,6,9
11,f_0000EE67,function,3,2,5
11,f_0000EE9D,function,3,2,5
11,f_0000EED3,function,3,1,4
11,f_0000EF09,function,3,1,4
11,f_0000EF3F,function,3,1,4
11,f_0000EF75,function,3,1,4
11,f_0000EFAB,function,3,1,4
11,f_0000EFE1,function,3,1,4
11,f_0000F017,function,3,1,4
11,f_0000F04D,function,3,1,4
11,f_0000F083,function,3,1,4
11,f_0000F0B9,function,3,1,4
11,f_0000F0EF,function,3,0,3
11,f_0000F125,function,3,1,4
11,f_0000F15B,function,3,1,4
11,f_0000F191,function,3,1,4
11,f_0000F1C7,function,3,1,4
11,f_0000F1FD,function,3,0,3
11,f_0000F233,function,3,1,4
11,f_0000F269,function,3,1,4
11,f_0000F29F,function,3,1,4
11,f_0000F2D5,function,3,1,4
11,f_0000F30B,function,3,1,4
11,f_0000F341,function,3,1,4
11,f_0000F377,function,3,1,4
11,f_0000F3AD,function,3,1,4
11,f_0000F3E3,function,3,1,4
11,f_0000F419,function,3,1,4
11,f_0000F44F,function,3,1,4
11,f_0000F485,function,3,1,4
11,f_0000F4BB,function,3,1,4
11,f_0000F4F1,function,3,0,3
11,f_0000F527,function,3,2,5
11,f_0000F55D,function,3,1,4
11,f_0000F593,function,3,0,3
11,f_0000F5C9,function,3,0,3
11,f_0000F5FF,function,3,2,5
11,f_0000F635,function,3,3,6
11,f_0000F66B,function,3,0,3
11,f_0000F6A1,function,3,0,3
11,f_0000F6D7,function,3,0,3
11,f_0000F70D,function,3,0,3
11,f_0000F743,function,3,0,3
11,f_0000F779,function,3,0,3
11,f_0000F7AF,function,3,0,3
11,f_0000F7E5,function,3,0,3
11,f_0000F81B,function,3,0,3
11,f_0000F851,function,3,0,3
11,f_0000F887,function,3,0,3
11,f_0000F8BD,function,3,0,3
11,f_0000F8F3,function,3,0,3
11,f_0000F929,function,3,0,3
11,f_0000F95F,function,3,0,3
11,f_0000F995,function,3,0,3
11,f_0000F9CB,function,3,0,3
11,f_0000FA01,function,3,0,3
11,f_0000FA37,function,3,0,3
11,f_0000FA6D,function,3,0,3
11,f_0000FAA3,function,3,0,3
11,f_0000FAD9,function,3,0,3
11,f_0000FB0F,function,3,0,3
11,f_0000FB45,function,3,0,3
11,f_0000FB7B,function,3,0,3
11,f_0000FBB1,function,3,0,3
11,f_0000FBE7,function,3,0,3
11,f_0000FC1D,function,3,0,3
11,f_0000FC53,function,3,0,3
11,f_0000FC89,function,3,0,3
11,f_0000FCBF,function,3,0,3
11,f_0000FCF5,function,3,0,3
11,f_0000FD2B,function,3,0,3
11,f_0000FD61,function,3,0,3
11,f_0000FD97,function,3,0,3
11,f_0000FDCD,function,3,0,3
11,f_0000FE03,function,3,0,3
11,f_0000FE39,function,3,0,3
11,f_0000FE6F,function,3,0,3
11,f_0000FEA5,function,3,0,3
11,f_0000FEDB,function,3,0,3
11,f_0000FF11,function,3,0,3
11,f_0000FF47,function,3,0,3
11,f_0000FF7D,function,3,0,3
11,f_0000FFB3,function,3,0,3
11,f_0000FFE9,function,3,0,3
11,f_0001001F,function,3,0,3
11,f_00010055,function,3,0,3
11,f_0001008B,function,3,0,3
11,f_000100C1,function,3,0,3
11,f_000100F7,function,3,0,3
11,f_0001012D,function,3,0,3
11,f_00010163,function,3,0,3
11,f_00010199,function,3,0,3
11,f_000101CF,function,3,0,3
11,f_00010205,function,3,0,3
11,f_0001023B,function,3,0,3
11,f_000152D4,function,6,8,14
11,f_000487BE,function,18,1,19
11,f_0004B836,function,26,8,34
11,f_0004BDE2,function,25,0,25
11,f_0004DF2C,function,16,3,19
11,f_0004F9C0,function,7,3,10
11,f_00055659,function,15,3,18
11,f_00077880,function,5,1,6
11,f_000778D8,function,19,0,19
11,f_000794AE,function,15,0,15
11,f_000822DA,function,38,3,41
11,f_000851F3,function,39,1,40
11,f_000909C8,function,4,1,5
11,f_000927D8,function,36,1,37
11,f_00095855,function,25,1,26
11,f_000977CB,function,18,4,22
11,f_00097A34,function,17,1,18
11,f_00097EA5,function,14,0,14
11,f_000A1775,function,6,2,8
12,f_0003DA85,function,12,1,13
12,f_00047C44,function,19,6,25
12,f_0004D7A6,function,24,1,25
12,f_0004F950,function,5,1,6
12,f_0006D13F,function,54,3,57
12,f_0008FD29,function,17,1,18
12,f_000957BD,function,1,1,2
12,f_000A1977,function,4,1,5
12,f_000A19BE,function,4,1,5
13,f_0004742A,function,1,1,2
13,f_000474B7,function,14,1,15
13,f_000478BC,function,8,1,9
13,f_00048013,function,9,1,10
13,f_0004DF22,function,1,1,2
13,f_00091D54,function,7,3,10
14,f_0004CEFD,function,3,17,20
14,f_00091E54,function,1,3,4
14,f_00091E60,function,1,3,4
14,f_00091E6C,function,1,4,5
15,f_0004FF43,function,11,1,12
15,f_00050067,function,9,1,10
15,f_00071990,function,50,2,52
15,f_000A1D04,function,22,1,23
15,f_000A2981,function,376,2,378
15,f_000DB147,function,404,2,406
15,f_0011DB90,function,282,2,284
15,f_0014CB33,function,311,2,313
15,f_0048FC82,function,67,3,70
15,f_00498F00,function,57,3,60
15,f_0049F256,function,45,3,48
15,f_004A55C4,function,63,3,66
15,f_004AB249,function,61,3,64
15,f_004B1A32,function,53,3,56
15,f_004B737A,function,61,3,64
15,f_004BCF26,function,72,3,75
16,f_0003DC47,function,8,1,9
16,f_0004FD7B,function,8,1,9
16,f_00171AE0,function,507,2,509
16,f_00270A59,function,692,2,694
16,f_0034B5B0,function,543,2,545
16,f_00405E7D,function,426,2,428
17,f_0004770E,function,17,1,18
17,f_0004EF3D,function,13,1,14
17,f_000A1A03,function,26,1,27
18,f_00077EFF,function,55,0,55
18,f_00089A85,function,13,1,14
18,f_000A17EE,function,11,2,13
19,f_0003713B,function,1,1,2
19,f_0003714F,function,12,1,13
19,f_0008916F,function,30,1,31
20,f_00088470,function,1,1,2
21,f_00076122,function,46,1,47
22,f_00036A68,function,25,0,25
